match_id,date,venue,team1,team2,stage,toss_winner,toss_decision,first_ings_score,first_ings_wkts,second_ings_score,second_ings_wkts,winner,won_by,margin,player_of_the_match,top_scorer,highscore,best_bowling_figure,win_by_runs,win_by_wickets,big_win,match_year,match_month,score_diff,match_day,macth_wday,t_one_sample_stat,t_one_sample_pval,t_one_sample_reject_H0,t_two_sample_stat,t_two_sample_pval,t_two_sample_reject_H0,t_paired_stat,t_paired_pval,t_paired_reject_H0,chi2_toss_winner_stat,chi2_toss_winner_pval,chi2_toss_winner_reject,chi2_gof_wonby_stat,chi2_gof_wonby_pval,chi2_gof_wonby_reject,anova_venue_fstat,anova_venue_pval,anova_venue_reject,anova_venue_list,wilcoxon_stat,wilcoxon_pval,wilcoxon_reject,ks_margin_stat,ks_margin_pval,ks_margin_reject_normal,shapiro_first_stat,shapiro_first_pval,shapiro_first_reject,levene_stat,levene_pval,levene_reject,F_wkts_stat,F_wkts_pval,F_wkts_reject,pearson_margin_highscore_r,pearson_margin_highscore_pval,pearson_margin_highscore_sig,spearman_margin_highscore_rho,spearman_margin_highscore_pval,spearman_margin_highscore_sig,kendall_margin_highscore_tau,kendall_margin_highscore_pval,kendall_margin_highscore_sig,ztest_runs_vs_wkts_counts,arima_first_pred,arima_first_adf_pval,arima_first_resid_lb_p,arima_first_resid_ok,arima_second_pred,arima_second_adf_pval,arima_second_resid_lb_p,arima_second_resid_ok,sarima_margin_pred,sarima_margin_resid_lb_p,sarima_margin_resid_ok,arimax_first_pred,arimax_first_resid_lb_p,arimax_first_resid_ok
1,2022-01-01,"Wankhede Stadium, Mumbai",Chennai,Kolkata,Group,Kolkata,Field,131.0,5.0,133.0,4.0,Kolkata,Wickets,6.0,Umesh Yadav,MS Dhoni,50.0,3--20,0,0,False,2022,1,-2.0,1,5,3.3366591982831375,0.0013684976231097363,True,2.6674735564913825,0.008557278612202237,True,-15.483085394838152,3.838386363408645e-24,True,162.8684413580247,1.9077850108782457e-07,True,0.05714285714285714,0.8110701293339075,False,0.34561363796620526,0.7924185037195771,False,"Wankhede Stadium, Mumbai,Dr DY Patil Sports Academy, Mumbai,Brabourne Stadium, Mumbai,Maharashtra Cricket Association Stadium,Pune,Eden Gardens, Kolkata",650.0,0.0005173007687307535,True,0.25026988265944927,0.0002380391660757655,True,0.9593480229377747,0.02304830774664879,True,0.0005101063150274877,0.9820135081990388,False,0.7080199764982373,0.15405055521156605,False,-0.05434638279601989,0.6549921403679213,False,0.06433737669859246,0.5967071937538367,False,0.04539359385471602,0.5895462940010775,False,"runs:0,wkts:0,n:0",171.26875334284404,1.6838369386765875e-05,0.5182373749655038,True,164.4872371980772,1.7527828258619335e-09,0.47802088239747786,True,7.16481278860337,0.46541405652163437,True,152.65943639018192,0.6345909417084217,True
2,2022-01-01,"Brabourne Stadium, Mumbai",Delhi,Mumbai,Group,Delhi,Field,177.0,5.0,179.0,6.0,Delhi,Wickets,4.0,Kuldeep Yadav,Ishan Kishan,81.0,3--18,0,0,False,2022,1,-2.0,1,5,3.3366591982831375,0.0013684976231097363,True,2.6674735564913825,0.008557278612202237,True,-15.483085394838152,3.838386363408645e-24,True,162.8684413580247,1.9077850108782457e-07,True,0.05714285714285714,0.8110701293339075,False,0.34561363796620526,0.7924185037195771,False,"Wankhede Stadium, Mumbai,Dr DY Patil Sports Academy, Mumbai,Brabourne Stadium, Mumbai,Maharashtra Cricket Association Stadium,Pune,Eden Gardens, Kolkata",650.0,0.0005173007687307535,True,0.25026988265944927,0.0002380391660757655,True,0.9593480229377747,0.02304830774664879,True,0.0005101063150274877,0.9820135081990388,False,0.7080199764982373,0.15405055521156605,False,-0.05434638279601989,0.6549921403679213,False,0.06433737669859246,0.5967071937538367,False,0.04539359385471602,0.5895462940010775,False,"runs:0,wkts:0,n:0",171.26875334284404,1.6838369386765875e-05,0.5182373749655038,True,164.4872371980772,1.7527828258619335e-09,0.47802088239747786,True,7.16481278860337,0.46541405652163437,True,152.65943639018192,0.6345909417084217,True
3,2022-01-01,"Dr DY Patil Sports Academy, Mumbai",Banglore,Punjab,Group,Punjab,Field,205.0,2.0,208.0,5.0,Punjab,Wickets,5.0,Odean Smith,Faf du Plessis,88.0,2--59,0,0,False,2022,1,-3.0,1,5,3.3366591982831375,0.0013684976231097363,True,2.6674735564913825,0.008557278612202237,True,-15.483085394838152,3.838386363408645e-24,True,162.8684413580247,1.9077850108782457e-07,True,0.05714285714285714,0.8110701293339075,False,0.34561363796620526,0.7924185037195771,False,"Wankhede Stadium, Mumbai,Dr DY Patil Sports Academy, Mumbai,Brabourne Stadium, Mumbai,Maharashtra Cricket Association Stadium,Pune,Eden Gardens, Kolkata",650.0,0.0005173007687307535,True,0.25026988265944927,0.0002380391660757655,True,0.9593480229377747,0.02304830774664879,True,0.0005101063150274877,0.9820135081990388,False,0.7080199764982373,0.15405055521156605,False,-0.05434638279601989,0.6549921403679213,False,0.06433737669859246,0.5967071937538367,False,0.04539359385471602,0.5895462940010775,False,"runs:0,wkts:0,n:0",171.26875334284404,1.6838369386765875e-05,0.5182373749655038,True,164.4872371980772,1.7527828258619335e-09,0.47802088239747786,True,7.16481278860337,0.46541405652163437,True,152.65943639018192,0.6345909417084217,True
5,2022-01-01,"Maharashtra Cricket Association Stadium,Pune",Hyderabad,Rajasthan,Group,Hyderabad,Field,210.0,6.0,149.0,7.0,Rajasthan,Runs,61.0,Sanju Samson,Aiden Markram,57.0,3--22,0,0,True,2022,1,61.0,1,5,3.3366591982831375,0.0013684976231097363,True,2.6674735564913825,0.008557278612202237,True,-15.483085394838152,3.838386363408645e-24,True,162.8684413580247,1.9077850108782457e-07,True,0.05714285714285714,0.8110701293339075,False,0.34561363796620526,0.7924185037195771,False,"Wankhede Stadium, Mumbai,Dr DY Patil Sports Academy, Mumbai,Brabourne Stadium, Mumbai,Maharashtra Cricket Association Stadium,Pune,Eden Gardens, Kolkata",650.0,0.0005173007687307535,True,0.25026988265944927,0.0002380391660757655,True,0.9593480229377747,0.02304830774664879,True,0.0005101063150274877,0.9820135081990388,False,0.7080199764982373,0.15405055521156605,False,-0.05434638279601989,0.6549921403679213,False,0.06433737669859246,0.5967071937538367,False,0.04539359385471602,0.5895462940010775,False,"runs:0,wkts:0,n:0",171.26875334284404,1.6838369386765875e-05,0.5182373749655038,True,164.4872371980772,1.7527828258619335e-09,0.47802088239747786,True,7.16481278860337,0.46541405652163437,True,152.65943639018192,0.6345909417084217,True
6,2022-01-01,"Dr DY Patil Sports Academy, Mumbai",Banglore,Kolkata,Group,Banglore,Field,128.0,10.0,132.0,7.0,Banglore,Wickets,3.0,Wanindu Hasaranga,Sherfane Rutherford,28.0,4--20,0,0,False,2022,1,-4.0,1,5,3.3366591982831375,0.0013684976231097363,True,2.6674735564913825,0.008557278612202237,True,-15.483085394838152,3.838386363408645e-24,True,162.8684413580247,1.9077850108782457e-07,True,0.05714285714285714,0.8110701293339075,False,0.34561363796620526,0.7924185037195771,False,"Wankhede Stadium, Mumbai,Dr DY Patil Sports Academy, Mumbai,Brabourne Stadium, Mumbai,Maharashtra Cricket Association Stadium,Pune,Eden Gardens, Kolkata",650.0,0.0005173007687307535,True,0.25026988265944927,0.0002380391660757655,True,0.9593480229377747,0.02304830774664879,True,0.0005101063150274877,0.9820135081990388,False,0.7080199764982373,0.15405055521156605,False,-0.05434638279601989,0.6549921403679213,False,0.06433737669859246,0.5967071937538367,False,0.04539359385471602,0.5895462940010775,False,"runs:0,wkts:0,n:0",171.26875334284404,1.6838369386765875e-05,0.5182373749655038,True,164.4872371980772,1.7527828258619335e-09,0.47802088239747786,True,7.16481278860337,0.46541405652163437,True,152.65943639018192,0.6345909417084217,True
7,2022-01-01,"Brabourne Stadium, Mumbai",Chennai,Lucknow,Group,Lucknow,Field,210.0,7.0,211.0,4.0,Lucknow,Wickets,6.0,Evin Lewis,Quinton de Kock,61.0,2--24,0,0,False,2022,1,-1.0,1,5,3.3366591982831375,0.0013684976231097363,True,2.6674735564913825,0.008557278612202237,True,-15.483085394838152,3.838386363408645e-24,True,162.8684413580247,1.9077850108782457e-07,True,0.05714285714285714,0.8110701293339075,False,0.34561363796620526,0.7924185037195771,False,"Wankhede Stadium, Mumbai,Dr DY Patil Sports Academy, Mumbai,Brabourne Stadium, Mumbai,Maharashtra Cricket Association Stadium,Pune,Eden Gardens, Kolkata",650.0,0.0005173007687307535,True,0.25026988265944927,0.0002380391660757655,True,0.9593480229377747,0.02304830774664879,True,0.0005101063150274877,0.9820135081990388,False,0.7080199764982373,0.15405055521156605,False,-0.05434638279601989,0.6549921403679213,False,0.06433737669859246,0.5967071937538367,False,0.04539359385471602,0.5895462940010775,False,"runs:0,wkts:0,n:0",171.26875334284404,1.6838369386765875e-05,0.5182373749655038,True,164.4872371980772,1.7527828258619335e-09,0.47802088239747786,True,7.16481278860337,0.46541405652163437,True,152.65943639018192,0.6345909417084217,True
8,2022-04-01,"Wankhede Stadium, Mumbai",Kolkata,Punjab,Group,Kolkata,Field,137.0,10.0,141.0,4.0,Kolkata,Wickets,6.0,Umesh Yadav,Andre Russell,70.0,4--23,0,0,False,2022,4,-4.0,1,4,3.3366591982831375,0.0013684976231097363,True,2.6674735564913825,0.008557278612202237,True,-15.483085394838152,3.838386363408645e-24,True,162.8684413580247,1.9077850108782457e-07,True,0.05714285714285714,0.8110701293339075,False,0.34561363796620526,0.7924185037195771,False,"Wankhede Stadium, Mumbai,Dr DY Patil Sports Academy, Mumbai,Brabourne Stadium, Mumbai,Maharashtra Cricket Association Stadium,Pune,Eden Gardens, Kolkata",650.0,0.0005173007687307535,True,0.25026988265944927,0.0002380391660757655,True,0.9593480229377747,0.02304830774664879,True,0.0005101063150274877,0.9820135081990388,False,0.7080199764982373,0.15405055521156605,False,-0.05434638279601989,0.6549921403679213,False,0.06433737669859246,0.5967071937538367,False,0.04539359385471602,0.5895462940010775,False,"runs:0,wkts:0,n:0",171.26875334284404,1.6838369386765875e-05,0.5182373749655038,True,164.4872371980772,1.7527828258619335e-09,0.47802088239747786,True,7.16481278860337,0.46541405652163437,True,152.65943639018192,0.6345909417084217,True
9,2022-04-02,"Dr DY Patil Sports Academy, Mumbai",Mumbai,Rajasthan,Group,Mumbai,Field,193.0,8.0,170.0,8.0,Rajasthan,Runs,23.0,Jos Buttler,Jos Buttler,100.0,3--17,0,0,False,2022,4,23.0,2,5,3.3366591982831375,0.0013684976231097363,True,2.6674735564913825,0.008557278612202237,True,-15.483085394838152,3.838386363408645e-24,True,162.8684413580247,1.9077850108782457e-07,True,0.05714285714285714,0.8110701293339075,False,0.34561363796620526,0.7924185037195771,False,"Wankhede Stadium, Mumbai,Dr DY Patil Sports Academy, Mumbai,Brabourne Stadium, Mumbai,Maharashtra Cricket Association Stadium,Pune,Eden Gardens, Kolkata",650.0,0.0005173007687307535,True,0.25026988265944927,0.0002380391660757655,True,0.9593480229377747,0.02304830774664879,True,0.0005101063150274877,0.9820135081990388,False,0.7080199764982373,0.15405055521156605,False,-0.05434638279601989,0.6549921403679213,False,0.06433737669859246,0.5967071937538367,False,0.04539359385471602,0.5895462940010775,False,"runs:0,wkts:0,n:0",171.26875334284404,1.6838369386765875e-05,0.5182373749655038,True,164.4872371980772,1.7527828258619335e-09,0.47802088239747786,True,7.16481278860337,0.46541405652163437,True,152.65943639018192,0.6345909417084217,True
10,2022-04-02,"Maharashtra Cricket Association Stadium,Pune",Delhi,Gujarat,Group,Delhi,Field,171.0,6.0,157.0,9.0,Gujarat,Runs,14.0,Lockie Ferguson,Shubman Gill,84.0,4--28,0,0,False,2022,4,14.0,2,5,3.3366591982831375,0.0013684976231097363,True,2.6674735564913825,0.008557278612202237,True,-15.483085394838152,3.838386363408645e-24,True,162.8684413580247,1.9077850108782457e-07,True,0.05714285714285714,0.8110701293339075,False,0.34561363796620526,0.7924185037195771,False,"Wankhede Stadium, Mumbai,Dr DY Patil Sports Academy, Mumbai,Brabourne Stadium, Mumbai,Maharashtra Cricket Association Stadium,Pune,Eden Gardens, Kolkata",650.0,0.0005173007687307535,True,0.25026988265944927,0.0002380391660757655,True,0.9593480229377747,0.02304830774664879,True,0.0005101063150274877,0.9820135081990388,False,0.7080199764982373,0.15405055521156605,False,-0.05434638279601989,0.6549921403679213,False,0.06433737669859246,0.5967071937538367,False,0.04539359385471602,0.5895462940010775,False,"runs:0,wkts:0,n:0",171.26875334284404,1.6838369386765875e-05,0.5182373749655038,True,164.4872371980772,1.7527828258619335e-09,0.47802088239747786,True,7.16481278860337,0.46541405652163437,True,152.65943639018192,0.6345909417084217,True
11,2022-04-03,"Brabourne Stadium, Mumbai",Chennai,Punjab,Group,Chennai,Field,180.0,8.0,126.0,10.0,Punjab,Runs,54.0,Liam Livingstone,Liam Livingstone,60.0,3--25,0,0,True,2022,4,54.0,3,6,3.3366591982831375,0.0013684976231097363,True,2.6674735564913825,0.008557278612202237,True,-15.483085394838152,3.838386363408645e-24,True,162.8684413580247,1.9077850108782457e-07,True,0.05714285714285714,0.8110701293339075,False,0.34561363796620526,0.7924185037195771,False,"Wankhede Stadium, Mumbai,Dr DY Patil Sports Academy, Mumbai,Brabourne Stadium, Mumbai,Maharashtra Cricket Association Stadium,Pune,Eden Gardens, Kolkata",650.0,0.0005173007687307535,True,0.25026988265944927,0.0002380391660757655,True,0.9593480229377747,0.02304830774664879,True,0.0005101063150274877,0.9820135081990388,False,0.7080199764982373,0.15405055521156605,False,-0.05434638279601989,0.6549921403679213,False,0.06433737669859246,0.5967071937538367,False,0.04539359385471602,0.5895462940010775,False,"runs:0,wkts:0,n:0",171.26875334284404,1.6838369386765875e-05,0.5182373749655038,True,164.4872371980772,1.7527828258619335e-09,0.47802088239747786,True,7.16481278860337,0.46541405652163437,True,152.65943639018192,0.6345909417084217,True
12,2022-04-04,"Dr DY Patil Sports Academy, Mumbai",Hyderabad,Lucknow,Group,Hyderabad,Field,169.0,7.0,157.0,9.0,Lucknow,Runs,12.0,Avesh Khan,KL Rahul,68.0,4--24,0,0,False,2022,4,12.0,4,0,3.3366591982831375,0.0013684976231097363,True,2.6674735564913825,0.008557278612202237,True,-15.483085394838152,3.838386363408645e-24,True,162.8684413580247,1.9077850108782457e-07,True,0.05714285714285714,0.8110701293339075,False,0.34561363796620526,0.7924185037195771,False,"Wankhede Stadium, Mumbai,Dr DY Patil Sports Academy, Mumbai,Brabourne Stadium, Mumbai,Maharashtra Cricket Association Stadium,Pune,Eden Gardens, Kolkata",650.0,0.0005173007687307535,True,0.25026988265944927,0.0002380391660757655,True,0.9593480229377747,0.02304830774664879,True,0.0005101063150274877,0.9820135081990388,False,0.7080199764982373,0.15405055521156605,False,-0.05434638279601989,0.6549921403679213,False,0.06433737669859246,0.5967071937538367,False,0.04539359385471602,0.5895462940010775,False,"runs:0,wkts:0,n:0",171.26875334284404,1.6838369386765875e-05,0.5182373749655038,True,164.4872371980772,1.7527828258619335e-09,0.47802088239747786,True,7.16481278860337,0.46541405652163437,True,152.65943639018192,0.6345909417084217,True
13,2022-04-05,"Wankhede Stadium, Mumbai",Banglore,Rajasthan,Group,Banglore,Field,169.0,3.0,173.0,6.0,Banglore,Wickets,4.0,Dinesh Karthik,Jos Buttler,70.0,2--15,0,0,False,2022,4,-4.0,5,1,3.3366591982831375,0.0013684976231097363,True,2.6674735564913825,0.008557278612202237,True,-15.483085394838152,3.838386363408645e-24,True,162.8684413580247,1.9077850108782457e-07,True,0.05714285714285714,0.8110701293339075,False,0.34561363796620526,0.7924185037195771,False,"Wankhede Stadium, Mumbai,Dr DY Patil Sports Academy, Mumbai,Brabourne Stadium, Mumbai,Maharashtra Cricket Association Stadium,Pune,Eden Gardens, Kolkata",650.0,0.0005173007687307535,True,0.25026988265944927,0.0002380391660757655,True,0.9593480229377747,0.02304830774664879,True,0.0005101063150274877,0.9820135081990388,False,0.7080199764982373,0.15405055521156605,False,-0.05434638279601989,0.6549921403679213,False,0.06433737669859246,0.5967071937538367,False,0.04539359385471602,0.5895462940010775,False,"runs:0,wkts:0,n:0",171.26875334284404,1.6838369386765875e-05,0.5182373749655038,True,164.4872371980772,1.7527828258619335e-09,0.47802088239747786,True,7.16481278860337,0.46541405652163437,True,152.65943639018192,0.6345909417084217,True
14,2022-04-06,"Maharashtra Cricket Association Stadium,Pune",Kolkata,Mumbai,Group,Kolkata,Field,161.0,4.0,162.0,5.0,Kolkata,Wickets,5.0,Pat Cummins,Pat Cummins,56.0,2--25,0,0,False,2022,4,-1.0,6,2,3.3366591982831375,0.0013684976231097363,True,2.6674735564913825,0.008557278612202237,True,-15.483085394838152,3.838386363408645e-24,True,162.8684413580247,1.9077850108782457e-07,True,0.05714285714285714,0.8110701293339075,False,0.34561363796620526,0.7924185037195771,False,"Wankhede Stadium, Mumbai,Dr DY Patil Sports Academy, Mumbai,Brabourne Stadium, Mumbai,Maharashtra Cricket Association Stadium,Pune,Eden Gardens, Kolkata",650.0,0.0005173007687307535,True,0.25026988265944927,0.0002380391660757655,True,0.9593480229377747,0.02304830774664879,True,0.0005101063150274877,0.9820135081990388,False,0.7080199764982373,0.15405055521156605,False,-0.05434638279601989,0.6549921403679213,False,0.06433737669859246,0.5967071937538367,False,0.04539359385471602,0.5895462940010775,False,"runs:0,wkts:0,n:0",171.26875334284404,1.6838369386765875e-05,0.5182373749655038,True,164.4872371980772,1.7527828258619335e-09,0.47802088239747786,True,7.16481278860337,0.46541405652163437,True,152.65943639018192,0.6345909417084217,True
15,2022-04-07,"Dr DY Patil Sports Academy, Mumbai",Delhi,Lucknow,Group,Lucknow,Field,149.0,3.0,155.0,4.0,Lucknow,Wickets,6.0,Quinton de Kock,Quinton de Kock,80.0,2--22,0,0,False,2022,4,-6.0,7,3,3.3366591982831375,0.0013684976231097363,True,2.6674735564913825,0.008557278612202237,True,-15.483085394838152,3.838386363408645e-24,True,162.8684413580247,1.9077850108782457e-07,True,0.05714285714285714,0.8110701293339075,False,0.34561363796620526,0.7924185037195771,False,"Wankhede Stadium, Mumbai,Dr DY Patil Sports Academy, Mumbai,Brabourne Stadium, Mumbai,Maharashtra Cricket Association Stadium,Pune,Eden Gardens, Kolkata",650.0,0.0005173007687307535,True,0.25026988265944927,0.0002380391660757655,True,0.9593480229377747,0.02304830774664879,True,0.0005101063150274877,0.9820135081990388,False,0.7080199764982373,0.15405055521156605,False,-0.05434638279601989,0.6549921403679213,False,0.06433737669859246,0.5967071937538367,False,0.04539359385471602,0.5895462940010775,False,"runs:0,wkts:0,n:0",171.26875334284404,1.6838369386765875e-05,0.5182373749655038,True,164.4872371980772,1.7527828258619335e-09,0.47802088239747786,True,7.16481278860337,0.46541405652163437,True,152.65943639018192,0.6345909417084217,True
16,2022-04-08,"Brabourne Stadium, Mumbai",Gujarat,Punjab,Group,Gujarat,Field,189.0,9.0,190.0,4.0,Gujarat,Wickets,6.0,Shubman Gill,Shubman Gill,96.0,3--22,0,0,False,2022,4,-1.0,8,4,3.3366591982831375,0.0013684976231097363,True,2.6674735564913825,0.008557278612202237,True,-15.483085394838152,3.838386363408645e-24,True,162.8684413580247,1.9077850108782457e-07,True,0.05714285714285714,0.8110701293339075,False,0.34561363796620526,0.7924185037195771,False,"Wankhede Stadium, Mumbai,Dr DY Patil Sports Academy, Mumbai,Brabourne Stadium, Mumbai,Maharashtra Cricket Association Stadium,Pune,Eden Gardens, Kolkata",650.0,0.0005173007687307535,True,0.25026988265944927,0.0002380391660757655,True,0.9593480229377747,0.02304830774664879,True,0.0005101063150274877,0.9820135081990388,False,0.7080199764982373,0.15405055521156605,False,-0.05434638279601989,0.6549921403679213,False,0.06433737669859246,0.5967071937538367,False,0.04539359385471602,0.5895462940010775,False,"runs:0,wkts:0,n:0",171.26875334284404,1.6838369386765875e-05,0.5182373749655038,True,164.4872371980772,1.7527828258619335e-09,0.47802088239747786,True,7.16481278860337,0.46541405652163437,True,152.65943639018192,0.6345909417084217,True
17,2022-04-09,"Dr DY Patil Sports Academy, Mumbai",Chennai,Hyderabad,Group,Hyderabad,Field,154.0,7.0,155.0,2.0,Hyderabad,Wickets,8.0,Abhishek Sharma,Abhishek Sharma,75.0,2--21,0,0,False,2022,4,-1.0,9,5,3.3366591982831375,0.0013684976231097363,True,2.6674735564913825,0.008557278612202237,True,-15.483085394838152,3.838386363408645e-24,True,162.8684413580247,1.9077850108782457e-07,True,0.05714285714285714,0.8110701293339075,False,0.34561363796620526,0.7924185037195771,False,"Wankhede Stadium, Mumbai,Dr DY Patil Sports Academy, Mumbai,Brabourne Stadium, Mumbai,Maharashtra Cricket Association Stadium,Pune,Eden Gardens, Kolkata",650.0,0.0005173007687307535,True,0.25026988265944927,0.0002380391660757655,True,0.9593480229377747,0.02304830774664879,True,0.0005101063150274877,0.9820135081990388,False,0.7080199764982373,0.15405055521156605,False,-0.05434638279601989,0.6549921403679213,False,0.06433737669859246,0.5967071937538367,False,0.04539359385471602,0.5895462940010775,False,"runs:0,wkts:0,n:0",171.26875334284404,1.6838369386765875e-05,0.5182373749655038,True,164.4872371980772,1.7527828258619335e-09,0.47802088239747786,True,7.16481278860337,0.46541405652163437,True,152.65943639018192,0.6345909417084217,True
18,2022-04-09,"Maharashtra Cricket Association Stadium,Pune",Banglore,Mumbai,Group,Banglore,Field,151.0,6.0,152.0,3.0,Banglore,Wickets,7.0,Anuj Rawat,Suryakumar Yadav,68.0,2--23,0,0,False,2022,4,-1.0,9,5,3.3366591982831375,0.0013684976231097363,True,2.6674735564913825,0.008557278612202237,True,-15.483085394838152,3.838386363408645e-24,True,162.8684413580247,1.9077850108782457e-07,True,0.05714285714285714,0.8110701293339075,False,0.34561363796620526,0.7924185037195771,False,"Wankhede Stadium, Mumbai,Dr DY Patil Sports Academy, Mumbai,Brabourne Stadium, Mumbai,Maharashtra Cricket Association Stadium,Pune,Eden Gardens, Kolkata",650.0,0.0005173007687307535,True,0.25026988265944927,0.0002380391660757655,True,0.9593480229377747,0.02304830774664879,True,0.0005101063150274877,0.9820135081990388,False,0.7080199764982373,0.15405055521156605,False,-0.05434638279601989,0.6549921403679213,False,0.06433737669859246,0.5967071937538367,False,0.04539359385471602,0.5895462940010775,False,"runs:0,wkts:0,n:0",171.26875334284404,1.6838369386765875e-05,0.5182373749655038,True,164.4872371980772,1.7527828258619335e-09,0.47802088239747786,True,7.16481278860337,0.46541405652163437,True,152.65943639018192,0.6345909417084217,True
19,2022-01-01,"Brabourne Stadium, Mumbai",Delhi,Kolkata,Group,Kolkata,Field,215.0,5.0,171.0,10.0,Delhi,Runs,44.0,Kuldeep Yadav,David Warner,61.0,4--35,0,0,False,2022,1,44.0,1,5,3.3366591982831375,0.0013684976231097363,True,2.6674735564913825,0.008557278612202237,True,-15.483085394838152,3.838386363408645e-24,True,162.8684413580247,1.9077850108782457e-07,True,0.05714285714285714,0.8110701293339075,False,0.34561363796620526,0.7924185037195771,False,"Wankhede Stadium, Mumbai,Dr DY Patil Sports Academy, Mumbai,Brabourne Stadium, Mumbai,Maharashtra Cricket Association Stadium,Pune,Eden Gardens, Kolkata",650.0,0.0005173007687307535,True,0.25026988265944927,0.0002380391660757655,True,0.9593480229377747,0.02304830774664879,True,0.0005101063150274877,0.9820135081990388,False,0.7080199764982373,0.15405055521156605,False,-0.05434638279601989,0.6549921403679213,False,0.06433737669859246,0.5967071937538367,False,0.04539359385471602,0.5895462940010775,False,"runs:0,wkts:0,n:0",171.26875334284404,1.6838369386765875e-05,0.5182373749655038,True,164.4872371980772,1.7527828258619335e-09,0.47802088239747786,True,7.16481278860337,0.46541405652163437,True,152.65943639018192,0.6345909417084217,True
20,2022-01-01,"Wankhede Stadium, Mumbai",Lucknow,Rajasthan,Group,Lucknow,Field,165.0,6.0,162.0,8.0,Rajasthan,Runs,3.0,Yuzvendra Chahal,Shimron Hetmyer,59.0,4--41,0,0,False,2022,1,3.0,1,5,3.3366591982831375,0.0013684976231097363,True,2.6674735564913825,0.008557278612202237,True,-15.483085394838152,3.838386363408645e-24,True,162.8684413580247,1.9077850108782457e-07,True,0.05714285714285714,0.8110701293339075,False,0.34561363796620526,0.7924185037195771,False,"Wankhede Stadium, Mumbai,Dr DY Patil Sports Academy, Mumbai,Brabourne Stadium, Mumbai,Maharashtra Cricket Association Stadium,Pune,Eden Gardens, Kolkata",650.0,0.0005173007687307535,True,0.25026988265944927,0.0002380391660757655,True,0.9593480229377747,0.02304830774664879,True,0.0005101063150274877,0.9820135081990388,False,0.7080199764982373,0.15405055521156605,False,-0.05434638279601989,0.6549921403679213,False,0.06433737669859246,0.5967071937538367,False,0.04539359385471602,0.5895462940010775,False,"runs:0,wkts:0,n:0",171.26875334284404,1.6838369386765875e-05,0.5182373749655038,True,164.4872371980772,1.7527828258619335e-09,0.47802088239747786,True,7.16481278860337,0.46541405652163437,True,152.65943639018192,0.6345909417084217,True
21,2022-01-01,"Dr DY Patil Sports Academy, Mumbai",Gujarat,Hyderabad,Group,Hyderabad,Field,162.0,7.0,168.0,2.0,Hyderabad,Wickets,8.0,Kane Williamson,Kane Williamson,57.0,2--34,0,0,False,2022,1,-6.0,1,5,3.3366591982831375,0.0013684976231097363,True,2.6674735564913825,0.008557278612202237,True,-15.483085394838152,3.838386363408645e-24,True,162.8684413580247,1.9077850108782457e-07,True,0.05714285714285714,0.8110701293339075,False,0.34561363796620526,0.7924185037195771,False,"Wankhede Stadium, Mumbai,Dr DY Patil Sports Academy, Mumbai,Brabourne Stadium, Mumbai,Maharashtra Cricket Association Stadium,Pune,Eden Gardens, Kolkata",650.0,0.0005173007687307535,True,0.25026988265944927,0.0002380391660757655,True,0.9593480229377747,0.02304830774664879,True,0.0005101063150274877,0.9820135081990388,False,0.7080199764982373,0.15405055521156605,False,-0.05434638279601989,0.6549921403679213,False,0.06433737669859246,0.5967071937538367,False,0.04539359385471602,0.5895462940010775,False,"runs:0,wkts:0,n:0",171.26875334284404,1.6838369386765875e-05,0.5182373749655038,True,164.4872371980772,1.7527828258619335e-09,0.47802088239747786,True,7.16481278860337,0.46541405652163437,True,152.65943639018192,0.6345909417084217,True
22,2022-01-01,"Dr DY Patil Sports Academy, Mumbai",Banglore,Chennai,Group,Banglore,Field,216.0,4.0,193.0,9.0,Chennai,Runs,23.0,Shivam Dube,Shivam Dube,95.0,4--33,0,0,False,2022,1,23.0,1,5,3.3366591982831375,0.0013684976231097363,True,2.6674735564913825,0.008557278612202237,True,-15.483085394838152,3.838386363408645e-24,True,162.8684413580247,1.9077850108782457e-07,True,0.05714285714285714,0.8110701293339075,False,0.34561363796620526,0.7924185037195771,False,"Wankhede Stadium, Mumbai,Dr DY Patil Sports Academy, Mumbai,Brabourne Stadium, Mumbai,Maharashtra Cricket Association Stadium,Pune,Eden Gardens, Kolkata",650.0,0.0005173007687307535,True,0.25026988265944927,0.0002380391660757655,True,0.9593480229377747,0.02304830774664879,True,0.0005101063150274877,0.9820135081990388,False,0.7080199764982373,0.15405055521156605,False,-0.05434638279601989,0.6549921403679213,False,0.06433737669859246,0.5967071937538367,False,0.04539359385471602,0.5895462940010775,False,"runs:0,wkts:0,n:0",171.26875334284404,1.6838369386765875e-05,0.5182373749655038,True,164.4872371980772,1.7527828258619335e-09,0.47802088239747786,True,7.16481278860337,0.46541405652163437,True,152.65943639018192,0.6345909417084217,True
23,2022-01-01,"Maharashtra Cricket Association Stadium,Pune",Mumbai,Punjab,Group,Mumbai,Field,198.0,5.0,186.0,9.0,Punjab,Runs,12.0,Mayank Agarwal,Shikhar Dhawan,70.0,4--30,0,0,False,2022,1,12.0,1,5,3.3366591982831375,0.0013684976231097363,True,2.6674735564913825,0.008557278612202237,True,-15.483085394838152,3.838386363408645e-24,True,162.8684413580247,1.9077850108782457e-07,True,0.05714285714285714,0.8110701293339075,False,0.34561363796620526,0.7924185037195771,False,"Wankhede Stadium, Mumbai,Dr DY Patil Sports Academy, Mumbai,Brabourne Stadium, Mumbai,Maharashtra Cricket Association Stadium,Pune,Eden Gardens, Kolkata",650.0,0.0005173007687307535,True,0.25026988265944927,0.0002380391660757655,True,0.9593480229377747,0.02304830774664879,True,0.0005101063150274877,0.9820135081990388,False,0.7080199764982373,0.15405055521156605,False,-0.05434638279601989,0.6549921403679213,False,0.06433737669859246,0.5967071937538367,False,0.04539359385471602,0.5895462940010775,False,"runs:0,wkts:0,n:0",171.26875334284404,1.6838369386765875e-05,0.5182373749655038,True,164.4872371980772,1.7527828258619335e-09,0.47802088239747786,True,7.16481278860337,0.46541405652163437,True,152.65943639018192,0.6345909417084217,True
24,2022-01-01,"Dr DY Patil Sports Academy, Mumbai",Gujarat,Rajasthan,Group,Rajasthan,Field,192.0,4.0,155.0,9.0,Gujarat,Runs,37.0,Hardik Pandya,Hardik Pandya,87.0,3--23,0,0,False,2022,1,37.0,1,5,3.3366591982831375,0.0013684976231097363,True,2.6674735564913825,0.008557278612202237,True,-15.483085394838152,3.838386363408645e-24,True,162.8684413580247,1.9077850108782457e-07,True,0.05714285714285714,0.8110701293339075,False,0.34561363796620526,0.7924185037195771,False,"Wankhede Stadium, Mumbai,Dr DY Patil Sports Academy, Mumbai,Brabourne Stadium, Mumbai,Maharashtra Cricket Association Stadium,Pune,Eden Gardens, Kolkata",650.0,0.0005173007687307535,True,0.25026988265944927,0.0002380391660757655,True,0.9593480229377747,0.02304830774664879,True,0.0005101063150274877,0.9820135081990388,False,0.7080199764982373,0.15405055521156605,False,-0.05434638279601989,0.6549921403679213,False,0.06433737669859246,0.5967071937538367,False,0.04539359385471602,0.5895462940010775,False,"runs:0,wkts:0,n:0",171.26875334284404,1.6838369386765875e-05,0.5182373749655038,True,164.4872371980772,1.7527828258619335e-09,0.47802088239747786,True,7.16481278860337,0.46541405652163437,True,152.65943639018192,0.6345909417084217,True
25,2022-01-01,"Brabourne Stadium, Mumbai",Hyderabad,Kolkata,Group,Hyderabad,Field,175.0,8.0,176.0,3.0,Hyderabad,Wickets,7.0,Rahul Tripathi,Rahul Tripathi,71.0,3--37,0,0,False,2022,1,-1.0,1,5,3.3366591982831375,0.0013684976231097363,True,2.6674735564913825,0.008557278612202237,True,-15.483085394838152,3.838386363408645e-24,True,162.8684413580247,1.9077850108782457e-07,True,0.05714285714285714,0.8110701293339075,False,0.34561363796620526,0.7924185037195771,False,"Wankhede Stadium, Mumbai,Dr DY Patil Sports Academy, Mumbai,Brabourne Stadium, Mumbai,Maharashtra Cricket Association Stadium,Pune,Eden Gardens, Kolkata",650.0,0.0005173007687307535,True,0.25026988265944927,0.0002380391660757655,True,0.9593480229377747,0.02304830774664879,True,0.0005101063150274877,0.9820135081990388,False,0.7080199764982373,0.15405055521156605,False,-0.05434638279601989,0.6549921403679213,False,0.06433737669859246,0.5967071937538367,False,0.04539359385471602,0.5895462940010775,False,"runs:0,wkts:0,n:0",171.26875334284404,1.6838369386765875e-05,0.5182373749655038,True,164.4872371980772,1.7527828258619335e-09,0.47802088239747786,True,7.16481278860337,0.46541405652163437,True,152.65943639018192,0.6345909417084217,True
26,2022-01-01,"Brabourne Stadium, Mumbai",Lucknow,Mumbai,Group,Mumbai,Field,199.0,4.0,181.0,9.0,Lucknow,Runs,18.0,K L Rahul,KL Rahul,103.0,3--30,0,0,False,2022,1,18.0,1,5,3.3366591982831375,0.0013684976231097363,True,2.6674735564913825,0.008557278612202237,True,-15.483085394838152,3.838386363408645e-24,True,162.8684413580247,1.9077850108782457e-07,True,0.05714285714285714,0.8110701293339075,False,0.34561363796620526,0.7924185037195771,False,"Wankhede Stadium, Mumbai,Dr DY Patil Sports Academy, Mumbai,Brabourne Stadium, Mumbai,Maharashtra Cricket Association Stadium,Pune,Eden Gardens, Kolkata",650.0,0.0005173007687307535,True,0.25026988265944927,0.0002380391660757655,True,0.9593480229377747,0.02304830774664879,True,0.0005101063150274877,0.9820135081990388,False,0.7080199764982373,0.15405055521156605,False,-0.05434638279601989,0.6549921403679213,False,0.06433737669859246,0.5967071937538367,False,0.04539359385471602,0.5895462940010775,False,"runs:0,wkts:0,n:0",171.26875334284404,1.6838369386765875e-05,0.5182373749655038,True,164.4872371980772,1.7527828258619335e-09,0.47802088239747786,True,7.16481278860337,0.46541405652163437,True,152.65943639018192,0.6345909417084217,True
27,2022-01-01,"Wankhede Stadium, Mumbai",Banglore,Delhi,Group,Delhi,Field,189.0,5.0,173.0,7.0,Banglore,Runs,16.0,Dinesh Karthik,Dinesh Karthik,66.0,3--28,0,0,False,2022,1,16.0,1,5,3.3366591982831375,0.0013684976231097363,True,2.6674735564913825,0.008557278612202237,True,-15.483085394838152,3.838386363408645e-24,True,162.8684413580247,1.9077850108782457e-07,True,0.05714285714285714,0.8110701293339075,False,0.34561363796620526,0.7924185037195771,False,"Wankhede Stadium, Mumbai,Dr DY Patil Sports Academy, Mumbai,Brabourne Stadium, Mumbai,Maharashtra Cricket Association Stadium,Pune,Eden Gardens, Kolkata",650.0,0.0005173007687307535,True,0.25026988265944927,0.0002380391660757655,True,0.9593480229377747,0.02304830774664879,True,0.0005101063150274877,0.9820135081990388,False,0.7080199764982373,0.15405055521156605,False,-0.05434638279601989,0.6549921403679213,False,0.06433737669859246,0.5967071937538367,False,0.04539359385471602,0.5895462940010775,False,"runs:0,wkts:0,n:0",171.26875334284404,1.6838369386765875e-05,0.5182373749655038,True,164.4872371980772,1.7527828258619335e-09,0.47802088239747786,True,7.16481278860337,0.46541405652163437,True,152.65943639018192,0.6345909417084217,True
28,2022-01-01,"Dr DY Patil Sports Academy, Mumbai",Hyderabad,Punjab,Group,Hyderabad,Field,151.0,10.0,152.0,3.0,Hyderabad,Wickets,7.0,Umran Malik,Liam Livingstone,60.0,4--28,0,0,False,2022,1,-1.0,1,5,3.3366591982831375,0.0013684976231097363,True,2.6674735564913825,0.008557278612202237,True,-15.483085394838152,3.838386363408645e-24,True,162.8684413580247,1.9077850108782457e-07,True,0.05714285714285714,0.8110701293339075,False,0.34561363796620526,0.7924185037195771,False,"Wankhede Stadium, Mumbai,Dr DY Patil Sports Academy, Mumbai,Brabourne Stadium, Mumbai,Maharashtra Cricket Association Stadium,Pune,Eden Gardens, Kolkata",650.0,0.0005173007687307535,True,0.25026988265944927,0.0002380391660757655,True,0.9593480229377747,0.02304830774664879,True,0.0005101063150274877,0.9820135081990388,False,0.7080199764982373,0.15405055521156605,False,-0.05434638279601989,0.6549921403679213,False,0.06433737669859246,0.5967071937538367,False,0.04539359385471602,0.5895462940010775,False,"runs:0,wkts:0,n:0",171.26875334284404,1.6838369386765875e-05,0.5182373749655038,True,164.4872371980772,1.7527828258619335e-09,0.47802088239747786,True,7.16481278860337,0.46541405652163437,True,152.65943639018192,0.6345909417084217,True
29,2022-01-01,"Maharashtra Cricket Association Stadium,Pune",Chennai,Gujarat,Group,Gujarat,Field,169.0,5.0,170.0,7.0,Gujarat,Wickets,3.0,David Miller,David Miller,94.0,3--23,0,0,False,2022,1,-1.0,1,5,3.3366591982831375,0.0013684976231097363,True,2.6674735564913825,0.008557278612202237,True,-15.483085394838152,3.838386363408645e-24,True,162.8684413580247,1.9077850108782457e-07,True,0.05714285714285714,0.8110701293339075,False,0.34561363796620526,0.7924185037195771,False,"Wankhede Stadium, Mumbai,Dr DY Patil Sports Academy, Mumbai,Brabourne Stadium, Mumbai,Maharashtra Cricket Association Stadium,Pune,Eden Gardens, Kolkata",650.0,0.0005173007687307535,True,0.25026988265944927,0.0002380391660757655,True,0.9593480229377747,0.02304830774664879,True,0.0005101063150274877,0.9820135081990388,False,0.7080199764982373,0.15405055521156605,False,-0.05434638279601989,0.6549921403679213,False,0.06433737669859246,0.5967071937538367,False,0.04539359385471602,0.5895462940010775,False,"runs:0,wkts:0,n:0",171.26875334284404,1.6838369386765875e-05,0.5182373749655038,True,164.4872371980772,1.7527828258619335e-09,0.47802088239747786,True,7.16481278860337,0.46541405652163437,True,152.65943639018192,0.6345909417084217,True
30,2022-01-01,"Brabourne Stadium, Mumbai",Kolkata,Rajasthan,Group,Kolkata,Field,217.0,5.0,210.0,10.0,Rajasthan,Runs,7.0,Yuzvendra Chahal,Jos Buttler,103.0,5--40,0,0,False,2022,1,7.0,1,5,3.3366591982831375,0.0013684976231097363,True,2.6674735564913825,0.008557278612202237,True,-15.483085394838152,3.838386363408645e-24,True,162.8684413580247,1.9077850108782457e-07,True,0.05714285714285714,0.8110701293339075,False,0.34561363796620526,0.7924185037195771,False,"Wankhede Stadium, Mumbai,Dr DY Patil Sports Academy, Mumbai,Brabourne Stadium, Mumbai,Maharashtra Cricket Association Stadium,Pune,Eden Gardens, Kolkata",650.0,0.0005173007687307535,True,0.25026988265944927,0.0002380391660757655,True,0.9593480229377747,0.02304830774664879,True,0.0005101063150274877,0.9820135081990388,False,0.7080199764982373,0.15405055521156605,False,-0.05434638279601989,0.6549921403679213,False,0.06433737669859246,0.5967071937538367,False,0.04539359385471602,0.5895462940010775,False,"runs:0,wkts:0,n:0",171.26875334284404,1.6838369386765875e-05,0.5182373749655038,True,164.4872371980772,1.7527828258619335e-09,0.47802088239747786,True,7.16481278860337,0.46541405652163437,True,152.65943639018192,0.6345909417084217,True
31,2022-01-01,"Dr DY Patil Sports Academy, Mumbai",Banglore,Lucknow,Group,Lucknow,Field,181.0,6.0,163.0,8.0,Banglore,Runs,18.0,Faf du Plessis,Faf du Plessis,96.0,4--25,0,0,False,2022,1,18.0,1,5,3.3366591982831375,0.0013684976231097363,True,2.6674735564913825,0.008557278612202237,True,-15.483085394838152,3.838386363408645e-24,True,162.8684413580247,1.9077850108782457e-07,True,0.05714285714285714,0.8110701293339075,False,0.34561363796620526,0.7924185037195771,False,"Wankhede Stadium, Mumbai,Dr DY Patil Sports Academy, Mumbai,Brabourne Stadium, Mumbai,Maharashtra Cricket Association Stadium,Pune,Eden Gardens, Kolkata",650.0,0.0005173007687307535,True,0.25026988265944927,0.0002380391660757655,True,0.9593480229377747,0.02304830774664879,True,0.0005101063150274877,0.9820135081990388,False,0.7080199764982373,0.15405055521156605,False,-0.05434638279601989,0.6549921403679213,False,0.06433737669859246,0.5967071937538367,False,0.04539359385471602,0.5895462940010775,False,"runs:0,wkts:0,n:0",171.26875334284404,1.6838369386765875e-05,0.5182373749655038,True,164.4872371980772,1.7527828258619335e-09,0.47802088239747786,True,7.16481278860337,0.46541405652163437,True,152.65943639018192,0.6345909417084217,True
32,2022-01-01,"Brabourne Stadium, Mumbai",Delhi,Punjab,Group,Delhi,Field,115.0,10.0,119.0,1.0,Delhi,Wickets,9.0,Kuldeep Yadav,David Warner,60.0,2--10,0,0,False,2022,1,-4.0,1,5,3.3366591982831375,0.0013684976231097363,True,2.6674735564913825,0.008557278612202237,True,-15.483085394838152,3.838386363408645e-24,True,162.8684413580247,1.9077850108782457e-07,True,0.05714285714285714,0.8110701293339075,False,0.34561363796620526,0.7924185037195771,False,"Wankhede Stadium, Mumbai,Dr DY Patil Sports Academy, Mumbai,Brabourne Stadium, Mumbai,Maharashtra Cricket Association Stadium,Pune,Eden Gardens, Kolkata",650.0,0.0005173007687307535,True,0.25026988265944927,0.0002380391660757655,True,0.9593480229377747,0.02304830774664879,True,0.0005101063150274877,0.9820135081990388,False,0.7080199764982373,0.15405055521156605,False,-0.05434638279601989,0.6549921403679213,False,0.06433737669859246,0.5967071937538367,False,0.04539359385471602,0.5895462940010775,False,"runs:0,wkts:0,n:0",171.26875334284404,1.6838369386765875e-05,0.5182373749655038,True,164.4872371980772,1.7527828258619335e-09,0.47802088239747786,True,7.16481278860337,0.46541405652163437,True,152.65943639018192,0.6345909417084217,True
33,2022-01-01,"Dr DY Patil Sports Academy, Mumbai",Chennai,Mumbai,Group,Chennai,Field,155.0,7.0,156.0,7.0,Chennai,Wickets,3.0,Mukesh Choudhary,Tilak Varma,51.0,4--30,0,0,False,2022,1,-1.0,1,5,3.3366591982831375,0.0013684976231097363,True,2.6674735564913825,0.008557278612202237,True,-15.483085394838152,3.838386363408645e-24,True,162.8684413580247,1.9077850108782457e-07,True,0.05714285714285714,0.8110701293339075,False,0.34561363796620526,0.7924185037195771,False,"Wankhede Stadium, Mumbai,Dr DY Patil Sports Academy, Mumbai,Brabourne Stadium, Mumbai,Maharashtra Cricket Association Stadium,Pune,Eden Gardens, Kolkata",650.0,0.0005173007687307535,True,0.25026988265944927,0.0002380391660757655,True,0.9593480229377747,0.02304830774664879,True,0.0005101063150274877,0.9820135081990388,False,0.7080199764982373,0.15405055521156605,False,-0.05434638279601989,0.6549921403679213,False,0.06433737669859246,0.5967071937538367,False,0.04539359385471602,0.5895462940010775,False,"runs:0,wkts:0,n:0",171.26875334284404,1.6838369386765875e-05,0.5182373749655038,True,164.4872371980772,1.7527828258619335e-09,0.47802088239747786,True,7.16481278860337,0.46541405652163437,True,152.65943639018192,0.6345909417084217,True
34,2022-01-01,"Wankhede Stadium, Mumbai",Delhi,Rajasthan,Group,Delhi,Field,222.0,2.0,207.0,8.0,Rajasthan,Runs,15.0,Jos Buttler,Jos Buttler,116.0,3--22,0,0,False,2022,1,15.0,1,5,3.3366591982831375,0.0013684976231097363,True,2.6674735564913825,0.008557278612202237,True,-15.483085394838152,3.838386363408645e-24,True,162.8684413580247,1.9077850108782457e-07,True,0.05714285714285714,0.8110701293339075,False,0.34561363796620526,0.7924185037195771,False,"Wankhede Stadium, Mumbai,Dr DY Patil Sports Academy, Mumbai,Brabourne Stadium, Mumbai,Maharashtra Cricket Association Stadium,Pune,Eden Gardens, Kolkata",650.0,0.0005173007687307535,True,0.25026988265944927,0.0002380391660757655,True,0.9593480229377747,0.02304830774664879,True,0.0005101063150274877,0.9820135081990388,False,0.7080199764982373,0.15405055521156605,False,-0.05434638279601989,0.6549921403679213,False,0.06433737669859246,0.5967071937538367,False,0.04539359385471602,0.5895462940010775,False,"runs:0,wkts:0,n:0",171.26875334284404,1.6838369386765875e-05,0.5182373749655038,True,164.4872371980772,1.7527828258619335e-09,0.47802088239747786,True,7.16481278860337,0.46541405652163437,True,152.65943639018192,0.6345909417084217,True
35,2022-01-01,"Dr DY Patil Sports Academy, Mumbai",Gujarat,Kolkata,Group,Gujarat,Bat,156.0,9.0,148.0,8.0,Gujarat,Runs,8.0,Rashid Khan,Hardik Pandya,67.0,4--5,0,0,False,2022,1,8.0,1,5,3.3366591982831375,0.0013684976231097363,True,2.6674735564913825,0.008557278612202237,True,-15.483085394838152,3.838386363408645e-24,True,162.8684413580247,1.9077850108782457e-07,True,0.05714285714285714,0.8110701293339075,False,0.34561363796620526,0.7924185037195771,False,"Wankhede Stadium, Mumbai,Dr DY Patil Sports Academy, Mumbai,Brabourne Stadium, Mumbai,Maharashtra Cricket Association Stadium,Pune,Eden Gardens, Kolkata",650.0,0.0005173007687307535,True,0.25026988265944927,0.0002380391660757655,True,0.9593480229377747,0.02304830774664879,True,0.0005101063150274877,0.9820135081990388,False,0.7080199764982373,0.15405055521156605,False,-0.05434638279601989,0.6549921403679213,False,0.06433737669859246,0.5967071937538367,False,0.04539359385471602,0.5895462940010775,False,"runs:0,wkts:0,n:0",171.26875334284404,1.6838369386765875e-05,0.5182373749655038,True,164.4872371980772,1.7527828258619335e-09,0.47802088239747786,True,7.16481278860337,0.46541405652163437,True,152.65943639018192,0.6345909417084217,True
36,2022-01-01,"Brabourne Stadium, Mumbai",Banglore,Hyderabad,Group,Hyderabad,Field,68.0,10.0,72.0,1.0,Hyderabad,Wickets,9.0,Marco Jansen,Abhishek Sharma,47.0,3--10,0,0,False,2022,1,-4.0,1,5,3.3366591982831375,0.0013684976231097363,True,2.6674735564913825,0.008557278612202237,True,-15.483085394838152,3.838386363408645e-24,True,162.8684413580247,1.9077850108782457e-07,True,0.05714285714285714,0.8110701293339075,False,0.34561363796620526,0.7924185037195771,False,"Wankhede Stadium, Mumbai,Dr DY Patil Sports Academy, Mumbai,Brabourne Stadium, Mumbai,Maharashtra Cricket Association Stadium,Pune,Eden Gardens, Kolkata",650.0,0.0005173007687307535,True,0.25026988265944927,0.0002380391660757655,True,0.9593480229377747,0.02304830774664879,True,0.0005101063150274877,0.9820135081990388,False,0.7080199764982373,0.15405055521156605,False,-0.05434638279601989,0.6549921403679213,False,0.06433737669859246,0.5967071937538367,False,0.04539359385471602,0.5895462940010775,False,"runs:0,wkts:0,n:0",171.26875334284404,1.6838369386765875e-05,0.5182373749655038,True,164.4872371980772,1.7527828258619335e-09,0.47802088239747786,True,7.16481278860337,0.46541405652163437,True,152.65943639018192,0.6345909417084217,True
37,2022-01-01,"Wankhede Stadium, Mumbai",Lucknow,Mumbai,Group,Mumbai,Field,168.0,6.0,132.0,8.0,Lucknow,Runs,36.0,K L Rahul,KL Rahul,103.0,3--19,0,0,False,2022,1,36.0,1,5,3.3366591982831375,0.0013684976231097363,True,2.6674735564913825,0.008557278612202237,True,-15.483085394838152,3.838386363408645e-24,True,162.8684413580247,1.9077850108782457e-07,True,0.05714285714285714,0.8110701293339075,False,0.34561363796620526,0.7924185037195771,False,"Wankhede Stadium, Mumbai,Dr DY Patil Sports Academy, Mumbai,Brabourne Stadium, Mumbai,Maharashtra Cricket Association Stadium,Pune,Eden Gardens, Kolkata",650.0,0.0005173007687307535,True,0.25026988265944927,0.0002380391660757655,True,0.9593480229377747,0.02304830774664879,True,0.0005101063150274877,0.9820135081990388,False,0.7080199764982373,0.15405055521156605,False,-0.05434638279601989,0.6549921403679213,False,0.06433737669859246,0.5967071937538367,False,0.04539359385471602,0.5895462940010775,False,"runs:0,wkts:0,n:0",171.26875334284404,1.6838369386765875e-05,0.5182373749655038,True,164.4872371980772,1.7527828258619335e-09,0.47802088239747786,True,7.16481278860337,0.46541405652163437,True,152.65943639018192,0.6345909417084217,True
38,2022-01-01,"Wankhede Stadium, Mumbai",Chennai,Punjab,Group,Chennai,Field,187.0,4.0,176.0,6.0,Punjab,Runs,11.0,Shikhar Dhawan,Shikhar Dhawan,88.0,2--23,0,0,False,2022,1,11.0,1,5,3.3366591982831375,0.0013684976231097363,True,2.6674735564913825,0.008557278612202237,True,-15.483085394838152,3.838386363408645e-24,True,162.8684413580247,1.9077850108782457e-07,True,0.05714285714285714,0.8110701293339075,False,0.34561363796620526,0.7924185037195771,False,"Wankhede Stadium, Mumbai,Dr DY Patil Sports Academy, Mumbai,Brabourne Stadium, Mumbai,Maharashtra Cricket Association Stadium,Pune,Eden Gardens, Kolkata",650.0,0.0005173007687307535,True,0.25026988265944927,0.0002380391660757655,True,0.9593480229377747,0.02304830774664879,True,0.0005101063150274877,0.9820135081990388,False,0.7080199764982373,0.15405055521156605,False,-0.05434638279601989,0.6549921403679213,False,0.06433737669859246,0.5967071937538367,False,0.04539359385471602,0.5895462940010775,False,"runs:0,wkts:0,n:0",171.26875334284404,1.6838369386765875e-05,0.5182373749655038,True,164.4872371980772,1.7527828258619335e-09,0.47802088239747786,True,7.16481278860337,0.46541405652163437,True,152.65943639018192,0.6345909417084217,True
39,2022-01-01,"Maharashtra Cricket Association Stadium,Pune",Banglore,Rajasthan,Group,Banglore,Field,144.0,8.0,115.0,10.0,Rajasthan,Runs,29.0,Riyan Parag,Riyan Parag,56.0,4--20,0,0,False,2022,1,29.0,1,5,3.3366591982831375,0.0013684976231097363,True,2.6674735564913825,0.008557278612202237,True,-15.483085394838152,3.838386363408645e-24,True,162.8684413580247,1.9077850108782457e-07,True,0.05714285714285714,0.8110701293339075,False,0.34561363796620526,0.7924185037195771,False,"Wankhede Stadium, Mumbai,Dr DY Patil Sports Academy, Mumbai,Brabourne Stadium, Mumbai,Maharashtra Cricket Association Stadium,Pune,Eden Gardens, Kolkata",650.0,0.0005173007687307535,True,0.25026988265944927,0.0002380391660757655,True,0.9593480229377747,0.02304830774664879,True,0.0005101063150274877,0.9820135081990388,False,0.7080199764982373,0.15405055521156605,False,-0.05434638279601989,0.6549921403679213,False,0.06433737669859246,0.5967071937538367,False,0.04539359385471602,0.5895462940010775,False,"runs:0,wkts:0,n:0",171.26875334284404,1.6838369386765875e-05,0.5182373749655038,True,164.4872371980772,1.7527828258619335e-09,0.47802088239747786,True,7.16481278860337,0.46541405652163437,True,152.65943639018192,0.6345909417084217,True
40,2022-01-01,"Wankhede Stadium, Mumbai",Gujarat,Hyderabad,Group,Gujarat,Field,195.0,6.0,199.0,5.0,Gujarat,Wickets,5.0,Umran Malik,W. Saha,68.0,5--25,0,0,False,2022,1,-4.0,1,5,3.3366591982831375,0.0013684976231097363,True,2.6674735564913825,0.008557278612202237,True,-15.483085394838152,3.838386363408645e-24,True,162.8684413580247,1.9077850108782457e-07,True,0.05714285714285714,0.8110701293339075,False,0.34561363796620526,0.7924185037195771,False,"Wankhede Stadium, Mumbai,Dr DY Patil Sports Academy, Mumbai,Brabourne Stadium, Mumbai,Maharashtra Cricket Association Stadium,Pune,Eden Gardens, Kolkata",650.0,0.0005173007687307535,True,0.25026988265944927,0.0002380391660757655,True,0.9593480229377747,0.02304830774664879,True,0.0005101063150274877,0.9820135081990388,False,0.7080199764982373,0.15405055521156605,False,-0.05434638279601989,0.6549921403679213,False,0.06433737669859246,0.5967071937538367,False,0.04539359385471602,0.5895462940010775,False,"runs:0,wkts:0,n:0",171.26875334284404,1.6838369386765875e-05,0.5182373749655038,True,164.4872371980772,1.7527828258619335e-09,0.47802088239747786,True,7.16481278860337,0.46541405652163437,True,152.65943639018192,0.6345909417084217,True
41,2022-01-01,"Wankhede Stadium, Mumbai",Delhi,Kolkata,Group,Delhi,Field,146.0,9.0,150.0,6.0,Delhi,Wickets,4.0,Kuldeep Yadav,Nitish Rana,57.0,4--14,0,0,False,2022,1,-4.0,1,5,3.3366591982831375,0.0013684976231097363,True,2.6674735564913825,0.008557278612202237,True,-15.483085394838152,3.838386363408645e-24,True,162.8684413580247,1.9077850108782457e-07,True,0.05714285714285714,0.8110701293339075,False,0.34561363796620526,0.7924185037195771,False,"Wankhede Stadium, Mumbai,Dr DY Patil Sports Academy, Mumbai,Brabourne Stadium, Mumbai,Maharashtra Cricket Association Stadium,Pune,Eden Gardens, Kolkata",650.0,0.0005173007687307535,True,0.25026988265944927,0.0002380391660757655,True,0.9593480229377747,0.02304830774664879,True,0.0005101063150274877,0.9820135081990388,False,0.7080199764982373,0.15405055521156605,False,-0.05434638279601989,0.6549921403679213,False,0.06433737669859246,0.5967071937538367,False,0.04539359385471602,0.5895462940010775,False,"runs:0,wkts:0,n:0",171.26875334284404,1.6838369386765875e-05,0.5182373749655038,True,164.4872371980772,1.7527828258619335e-09,0.47802088239747786,True,7.16481278860337,0.46541405652163437,True,152.65943639018192,0.6345909417084217,True
42,2022-01-01,"Maharashtra Cricket Association Stadium,Pune",Lucknow,Punjab,Group,Punjab,Field,153.0,8.0,133.0,8.0,Lucknow,Runs,20.0,Krunal Pandya,Quinton de Kock,46.0,4--38,0,0,False,2022,1,20.0,1,5,3.3366591982831375,0.0013684976231097363,True,2.6674735564913825,0.008557278612202237,True,-15.483085394838152,3.838386363408645e-24,True,162.8684413580247,1.9077850108782457e-07,True,0.05714285714285714,0.8110701293339075,False,0.34561363796620526,0.7924185037195771,False,"Wankhede Stadium, Mumbai,Dr DY Patil Sports Academy, Mumbai,Brabourne Stadium, Mumbai,Maharashtra Cricket Association Stadium,Pune,Eden Gardens, Kolkata",650.0,0.0005173007687307535,True,0.25026988265944927,0.0002380391660757655,True,0.9593480229377747,0.02304830774664879,True,0.0005101063150274877,0.9820135081990388,False,0.7080199764982373,0.15405055521156605,False,-0.05434638279601989,0.6549921403679213,False,0.06433737669859246,0.5967071937538367,False,0.04539359385471602,0.5895462940010775,False,"runs:0,wkts:0,n:0",171.26875334284404,1.6838369386765875e-05,0.5182373749655038,True,164.4872371980772,1.7527828258619335e-09,0.47802088239747786,True,7.16481278860337,0.46541405652163437,True,152.65943639018192,0.6345909417084217,True
43,2022-01-01,"Brabourne Stadium, Mumbai",Banglore,Gujarat,Group,Banglore,Bat,170.0,6.0,174.0,4.0,Gujarat,Wickets,6.0,Rahul Tewatia,Virat Kohli,58.0,2--19,0,0,False,2022,1,-4.0,1,5,3.3366591982831375,0.0013684976231097363,True,2.6674735564913825,0.008557278612202237,True,-15.483085394838152,3.838386363408645e-24,True,162.8684413580247,1.9077850108782457e-07,True,0.05714285714285714,0.8110701293339075,False,0.34561363796620526,0.7924185037195771,False,"Wankhede Stadium, Mumbai,Dr DY Patil Sports Academy, Mumbai,Brabourne Stadium, Mumbai,Maharashtra Cricket Association Stadium,Pune,Eden Gardens, Kolkata",650.0,0.0005173007687307535,True,0.25026988265944927,0.0002380391660757655,True,0.9593480229377747,0.02304830774664879,True,0.0005101063150274877,0.9820135081990388,False,0.7080199764982373,0.15405055521156605,False,-0.05434638279601989,0.6549921403679213,False,0.06433737669859246,0.5967071937538367,False,0.04539359385471602,0.5895462940010775,False,"runs:0,wkts:0,n:0",171.26875334284404,1.6838369386765875e-05,0.5182373749655038,True,164.4872371980772,1.7527828258619335e-09,0.47802088239747786,True,7.16481278860337,0.46541405652163437,True,152.65943639018192,0.6345909417084217,True
44,2022-01-01,"Dr DY Patil Sports Academy, Mumbai",Mumbai,Rajasthan,Group,Mumbai,Field,158.0,6.0,161.0,5.0,Mumbai,Wickets,5.0,Suruakumar Yadav,Jos Buttler,67.0,2--24,0,0,False,2022,1,-3.0,1,5,3.3366591982831375,0.0013684976231097363,True,2.6674735564913825,0.008557278612202237,True,-15.483085394838152,3.838386363408645e-24,True,162.8684413580247,1.9077850108782457e-07,True,0.05714285714285714,0.8110701293339075,False,0.34561363796620526,0.7924185037195771,False,"Wankhede Stadium, Mumbai,Dr DY Patil Sports Academy, Mumbai,Brabourne Stadium, Mumbai,Maharashtra Cricket Association Stadium,Pune,Eden Gardens, Kolkata",650.0,0.0005173007687307535,True,0.25026988265944927,0.0002380391660757655,True,0.9593480229377747,0.02304830774664879,True,0.0005101063150274877,0.9820135081990388,False,0.7080199764982373,0.15405055521156605,False,-0.05434638279601989,0.6549921403679213,False,0.06433737669859246,0.5967071937538367,False,0.04539359385471602,0.5895462940010775,False,"runs:0,wkts:0,n:0",171.26875334284404,1.6838369386765875e-05,0.5182373749655038,True,164.4872371980772,1.7527828258619335e-09,0.47802088239747786,True,7.16481278860337,0.46541405652163437,True,152.65943639018192,0.6345909417084217,True
45,2022-05-01,"Wankhede Stadium, Mumbai",Delhi,Lucknow,Group,Lucknow,Bat,195.0,3.0,189.0,7.0,Lucknow,Runs,6.0,Mohsin Khan,KL Rahul,77.0,4--16,0,0,False,2022,5,6.0,1,6,3.3366591982831375,0.0013684976231097363,True,2.6674735564913825,0.008557278612202237,True,-15.483085394838152,3.838386363408645e-24,True,162.8684413580247,1.9077850108782457e-07,True,0.05714285714285714,0.8110701293339075,False,0.34561363796620526,0.7924185037195771,False,"Wankhede Stadium, Mumbai,Dr DY Patil Sports Academy, Mumbai,Brabourne Stadium, Mumbai,Maharashtra Cricket Association Stadium,Pune,Eden Gardens, Kolkata",650.0,0.0005173007687307535,True,0.25026988265944927,0.0002380391660757655,True,0.9593480229377747,0.02304830774664879,True,0.0005101063150274877,0.9820135081990388,False,0.7080199764982373,0.15405055521156605,False,-0.05434638279601989,0.6549921403679213,False,0.06433737669859246,0.5967071937538367,False,0.04539359385471602,0.5895462940010775,False,"runs:0,wkts:0,n:0",171.26875334284404,1.6838369386765875e-05,0.5182373749655038,True,164.4872371980772,1.7527828258619335e-09,0.47802088239747786,True,7.16481278860337,0.46541405652163437,True,152.65943639018192,0.6345909417084217,True
46,2022-05-01,"Maharashtra Cricket Association Stadium,Pune",Chennai,Hyderabad,Group,Hyderabad,Field,202.0,2.0,189.0,6.0,Chennai,Runs,13.0,Ruturaj Gaikwad,Ruturaj Gaikwad,99.0,4--46,0,0,False,2022,5,13.0,1,6,3.3366591982831375,0.0013684976231097363,True,2.6674735564913825,0.008557278612202237,True,-15.483085394838152,3.838386363408645e-24,True,162.8684413580247,1.9077850108782457e-07,True,0.05714285714285714,0.8110701293339075,False,0.34561363796620526,0.7924185037195771,False,"Wankhede Stadium, Mumbai,Dr DY Patil Sports Academy, Mumbai,Brabourne Stadium, Mumbai,Maharashtra Cricket Association Stadium,Pune,Eden Gardens, Kolkata",650.0,0.0005173007687307535,True,0.25026988265944927,0.0002380391660757655,True,0.9593480229377747,0.02304830774664879,True,0.0005101063150274877,0.9820135081990388,False,0.7080199764982373,0.15405055521156605,False,-0.05434638279601989,0.6549921403679213,False,0.06433737669859246,0.5967071937538367,False,0.04539359385471602,0.5895462940010775,False,"runs:0,wkts:0,n:0",171.26875334284404,1.6838369386765875e-05,0.5182373749655038,True,164.4872371980772,1.7527828258619335e-09,0.47802088239747786,True,7.16481278860337,0.46541405652163437,True,152.65943639018192,0.6345909417084217,True
47,2022-05-02,"Wankhede Stadium, Mumbai",Kolkata,Rajasthan,Group,Kolkata,Field,152.0,5.0,158.0,3.0,Kolkata,Wickets,7.0,Rinku Singh,Sanju Samson,54.0,2--46,0,0,False,2022,5,-6.0,2,0,3.3366591982831375,0.0013684976231097363,True,2.6674735564913825,0.008557278612202237,True,-15.483085394838152,3.838386363408645e-24,True,162.8684413580247,1.9077850108782457e-07,True,0.05714285714285714,0.8110701293339075,False,0.34561363796620526,0.7924185037195771,False,"Wankhede Stadium, Mumbai,Dr DY Patil Sports Academy, Mumbai,Brabourne Stadium, Mumbai,Maharashtra Cricket Association Stadium,Pune,Eden Gardens, Kolkata",650.0,0.0005173007687307535,True,0.25026988265944927,0.0002380391660757655,True,0.9593480229377747,0.02304830774664879,True,0.0005101063150274877,0.9820135081990388,False,0.7080199764982373,0.15405055521156605,False,-0.05434638279601989,0.6549921403679213,False,0.06433737669859246,0.5967071937538367,False,0.04539359385471602,0.5895462940010775,False,"runs:0,wkts:0,n:0",171.26875334284404,1.6838369386765875e-05,0.5182373749655038,True,164.4872371980772,1.7527828258619335e-09,0.47802088239747786,True,7.16481278860337,0.46541405652163437,True,152.65943639018192,0.6345909417084217,True
48,2022-05-03,"Dr DY Patil Sports Academy, Mumbai",Gujarat,Punjab,Group,Gujarat,Bat,143.0,8.0,145.0,2.0,Punjab,Wickets,8.0,Kagiso Rabada,Sai Sudharsan,65.0,4--33,0,0,False,2022,5,-2.0,3,1,3.3366591982831375,0.0013684976231097363,True,2.6674735564913825,0.008557278612202237,True,-15.483085394838152,3.838386363408645e-24,True,162.8684413580247,1.9077850108782457e-07,True,0.05714285714285714,0.8110701293339075,False,0.34561363796620526,0.7924185037195771,False,"Wankhede Stadium, Mumbai,Dr DY Patil Sports Academy, Mumbai,Brabourne Stadium, Mumbai,Maharashtra Cricket Association Stadium,Pune,Eden Gardens, Kolkata",650.0,0.0005173007687307535,True,0.25026988265944927,0.0002380391660757655,True,0.9593480229377747,0.02304830774664879,True,0.0005101063150274877,0.9820135081990388,False,0.7080199764982373,0.15405055521156605,False,-0.05434638279601989,0.6549921403679213,False,0.06433737669859246,0.5967071937538367,False,0.04539359385471602,0.5895462940010775,False,"runs:0,wkts:0,n:0",171.26875334284404,1.6838369386765875e-05,0.5182373749655038,True,164.4872371980772,1.7527828258619335e-09,0.47802088239747786,True,7.16481278860337,0.46541405652163437,True,152.65943639018192,0.6345909417084217,True
49,2022-05-04,"Maharashtra Cricket Association Stadium,Pune",Banglore,Chennai,Group,Chennai,Field,173.0,8.0,160.0,8.0,Banglore,Runs,13.0,Harshal Patel,Devon Conway,56.0,3--27,0,0,False,2022,5,13.0,4,2,3.3366591982831375,0.0013684976231097363,True,2.6674735564913825,0.008557278612202237,True,-15.483085394838152,3.838386363408645e-24,True,162.8684413580247,1.9077850108782457e-07,True,0.05714285714285714,0.8110701293339075,False,0.34561363796620526,0.7924185037195771,False,"Wankhede Stadium, Mumbai,Dr DY Patil Sports Academy, Mumbai,Brabourne Stadium, Mumbai,Maharashtra Cricket Association Stadium,Pune,Eden Gardens, Kolkata",650.0,0.0005173007687307535,True,0.25026988265944927,0.0002380391660757655,True,0.9593480229377747,0.02304830774664879,True,0.0005101063150274877,0.9820135081990388,False,0.7080199764982373,0.15405055521156605,False,-0.05434638279601989,0.6549921403679213,False,0.06433737669859246,0.5967071937538367,False,0.04539359385471602,0.5895462940010775,False,"runs:0,wkts:0,n:0",171.26875334284404,1.6838369386765875e-05,0.5182373749655038,True,164.4872371980772,1.7527828258619335e-09,0.47802088239747786,True,7.16481278860337,0.46541405652163437,True,152.65943639018192,0.6345909417084217,True
50,2022-05-05,"Brabourne Stadium, Mumbai",Delhi,Hyderabad,Group,Hyderabad,Field,207.0,3.0,186.0,8.0,Delhi,Runs,21.0,David Warner,David Warner,92.0,3--30,0,0,False,2022,5,21.0,5,3,3.3366591982831375,0.0013684976231097363,True,2.6674735564913825,0.008557278612202237,True,-15.483085394838152,3.838386363408645e-24,True,162.8684413580247,1.9077850108782457e-07,True,0.05714285714285714,0.8110701293339075,False,0.34561363796620526,0.7924185037195771,False,"Wankhede Stadium, Mumbai,Dr DY Patil Sports Academy, Mumbai,Brabourne Stadium, Mumbai,Maharashtra Cricket Association Stadium,Pune,Eden Gardens, Kolkata",650.0,0.0005173007687307535,True,0.25026988265944927,0.0002380391660757655,True,0.9593480229377747,0.02304830774664879,True,0.0005101063150274877,0.9820135081990388,False,0.7080199764982373,0.15405055521156605,False,-0.05434638279601989,0.6549921403679213,False,0.06433737669859246,0.5967071937538367,False,0.04539359385471602,0.5895462940010775,False,"runs:0,wkts:0,n:0",171.26875334284404,1.6838369386765875e-05,0.5182373749655038,True,164.4872371980772,1.7527828258619335e-09,0.47802088239747786,True,7.16481278860337,0.46541405652163437,True,152.65943639018192,0.6345909417084217,True
51,2022-05-06,"Brabourne Stadium, Mumbai",Gujarat,Mumbai,Group,Gujarat,Field,177.0,6.0,172.0,5.0,Mumbai,Runs,5.0,Tim David,W. Saha,55.0,2--24,0,0,False,2022,5,5.0,6,4,3.3366591982831375,0.0013684976231097363,True,2.6674735564913825,0.008557278612202237,True,-15.483085394838152,3.838386363408645e-24,True,162.8684413580247,1.9077850108782457e-07,True,0.05714285714285714,0.8110701293339075,False,0.34561363796620526,0.7924185037195771,False,"Wankhede Stadium, Mumbai,Dr DY Patil Sports Academy, Mumbai,Brabourne Stadium, Mumbai,Maharashtra Cricket Association Stadium,Pune,Eden Gardens, Kolkata",650.0,0.0005173007687307535,True,0.25026988265944927,0.0002380391660757655,True,0.9593480229377747,0.02304830774664879,True,0.0005101063150274877,0.9820135081990388,False,0.7080199764982373,0.15405055521156605,False,-0.05434638279601989,0.6549921403679213,False,0.06433737669859246,0.5967071937538367,False,0.04539359385471602,0.5895462940010775,False,"runs:0,wkts:0,n:0",171.26875334284404,1.6838369386765875e-05,0.5182373749655038,True,164.4872371980772,1.7527828258619335e-09,0.47802088239747786,True,7.16481278860337,0.46541405652163437,True,152.65943639018192,0.6345909417084217,True
52,2022-05-07,"Wankhede Stadium, Mumbai",Punjab,Rajasthan,Group,Punjab,Bat,189.0,5.0,190.0,4.0,Rajasthan,Wickets,6.0,Yashasvi Jaiswal,Yashasvi Jaiswal,68.0,3--28,0,0,False,2022,5,-1.0,7,5,3.3366591982831375,0.0013684976231097363,True,2.6674735564913825,0.008557278612202237,True,-15.483085394838152,3.838386363408645e-24,True,162.8684413580247,1.9077850108782457e-07,True,0.05714285714285714,0.8110701293339075,False,0.34561363796620526,0.7924185037195771,False,"Wankhede Stadium, Mumbai,Dr DY Patil Sports Academy, Mumbai,Brabourne Stadium, Mumbai,Maharashtra Cricket Association Stadium,Pune,Eden Gardens, Kolkata",650.0,0.0005173007687307535,True,0.25026988265944927,0.0002380391660757655,True,0.9593480229377747,0.02304830774664879,True,0.0005101063150274877,0.9820135081990388,False,0.7080199764982373,0.15405055521156605,False,-0.05434638279601989,0.6549921403679213,False,0.06433737669859246,0.5967071937538367,False,0.04539359385471602,0.5895462940010775,False,"runs:0,wkts:0,n:0",171.26875334284404,1.6838369386765875e-05,0.5182373749655038,True,164.4872371980772,1.7527828258619335e-09,0.47802088239747786,True,7.16481278860337,0.46541405652163437,True,152.65943639018192,0.6345909417084217,True
53,2022-05-07,"Maharashtra Cricket Association Stadium,Pune",Kolkata,Lucknow,Group,Kolkata,Field,176.0,7.0,101.0,10.0,Lucknow,Runs,75.0,Avesh Khan,Quinton de Kock,50.0,3--19,0,0,True,2022,5,75.0,7,5,3.3366591982831375,0.0013684976231097363,True,2.6674735564913825,0.008557278612202237,True,-15.483085394838152,3.838386363408645e-24,True,162.8684413580247,1.9077850108782457e-07,True,0.05714285714285714,0.8110701293339075,False,0.34561363796620526,0.7924185037195771,False,"Wankhede Stadium, Mumbai,Dr DY Patil Sports Academy, Mumbai,Brabourne Stadium, Mumbai,Maharashtra Cricket Association Stadium,Pune,Eden Gardens, Kolkata",650.0,0.0005173007687307535,True,0.25026988265944927,0.0002380391660757655,True,0.9593480229377747,0.02304830774664879,True,0.0005101063150274877,0.9820135081990388,False,0.7080199764982373,0.15405055521156605,False,-0.05434638279601989,0.6549921403679213,False,0.06433737669859246,0.5967071937538367,False,0.04539359385471602,0.5895462940010775,False,"runs:0,wkts:0,n:0",171.26875334284404,1.6838369386765875e-05,0.5182373749655038,True,164.4872371980772,1.7527828258619335e-09,0.47802088239747786,True,7.16481278860337,0.46541405652163437,True,152.65943639018192,0.6345909417084217,True
54,2022-05-08,"Wankhede Stadium, Mumbai",Banglore,Hyderabad,Group,Banglore,Bat,192.0,3.0,125.0,10.0,Banglore,Runs,67.0,Wanindu Hasaranga,Faf du Plessis,73.0,5--18,0,0,True,2022,5,67.0,8,6,3.3366591982831375,0.0013684976231097363,True,2.6674735564913825,0.008557278612202237,True,-15.483085394838152,3.838386363408645e-24,True,162.8684413580247,1.9077850108782457e-07,True,0.05714285714285714,0.8110701293339075,False,0.34561363796620526,0.7924185037195771,False,"Wankhede Stadium, Mumbai,Dr DY Patil Sports Academy, Mumbai,Brabourne Stadium, Mumbai,Maharashtra Cricket Association Stadium,Pune,Eden Gardens, Kolkata",650.0,0.0005173007687307535,True,0.25026988265944927,0.0002380391660757655,True,0.9593480229377747,0.02304830774664879,True,0.0005101063150274877,0.9820135081990388,False,0.7080199764982373,0.15405055521156605,False,-0.05434638279601989,0.6549921403679213,False,0.06433737669859246,0.5967071937538367,False,0.04539359385471602,0.5895462940010775,False,"runs:0,wkts:0,n:0",171.26875334284404,1.6838369386765875e-05,0.5182373749655038,True,164.4872371980772,1.7527828258619335e-09,0.47802088239747786,True,7.16481278860337,0.46541405652163437,True,152.65943639018192,0.6345909417084217,True
55,2022-05-08,"Dr DY Patil Sports Academy, Mumbai",Chennai,Delhi,Group,Delhi,Field,208.0,6.0,117.0,10.0,Chennai,Runs,91.0,Devon Conway,Devon Conway,87.0,3--13,0,0,True,2022,5,91.0,8,6,3.3366591982831375,0.0013684976231097363,True,2.6674735564913825,0.008557278612202237,True,-15.483085394838152,3.838386363408645e-24,True,162.8684413580247,1.9077850108782457e-07,True,0.05714285714285714,0.8110701293339075,False,0.34561363796620526,0.7924185037195771,False,"Wankhede Stadium, Mumbai,Dr DY Patil Sports Academy, Mumbai,Brabourne Stadium, Mumbai,Maharashtra Cricket Association Stadium,Pune,Eden Gardens, Kolkata",650.0,0.0005173007687307535,True,0.25026988265944927,0.0002380391660757655,True,0.9593480229377747,0.02304830774664879,True,0.0005101063150274877,0.9820135081990388,False,0.7080199764982373,0.15405055521156605,False,-0.05434638279601989,0.6549921403679213,False,0.06433737669859246,0.5967071937538367,False,0.04539359385471602,0.5895462940010775,False,"runs:0,wkts:0,n:0",171.26875334284404,1.6838369386765875e-05,0.5182373749655038,True,164.4872371980772,1.7527828258619335e-09,0.47802088239747786,True,7.16481278860337,0.46541405652163437,True,152.65943639018192,0.6345909417084217,True
56,2022-05-09,"Dr DY Patil Sports Academy, Mumbai",Kolkata,Mumbai,Group,Mumbai,Field,165.0,9.0,113.0,10.0,Kolkata,Runs,52.0,Jasprit Bumrah,Ishan Kishan,51.0,5--10,0,0,True,2022,5,52.0,9,0,3.3366591982831375,0.0013684976231097363,True,2.6674735564913825,0.008557278612202237,True,-15.483085394838152,3.838386363408645e-24,True,162.8684413580247,1.9077850108782457e-07,True,0.05714285714285714,0.8110701293339075,False,0.34561363796620526,0.7924185037195771,False,"Wankhede Stadium, Mumbai,Dr DY Patil Sports Academy, Mumbai,Brabourne Stadium, Mumbai,Maharashtra Cricket Association Stadium,Pune,Eden Gardens, Kolkata",650.0,0.0005173007687307535,True,0.25026988265944927,0.0002380391660757655,True,0.9593480229377747,0.02304830774664879,True,0.0005101063150274877,0.9820135081990388,False,0.7080199764982373,0.15405055521156605,False,-0.05434638279601989,0.6549921403679213,False,0.06433737669859246,0.5967071937538367,False,0.04539359385471602,0.5895462940010775,False,"runs:0,wkts:0,n:0",171.26875334284404,1.6838369386765875e-05,0.5182373749655038,True,164.4872371980772,1.7527828258619335e-09,0.47802088239747786,True,7.16481278860337,0.46541405652163437,True,152.65943639018192,0.6345909417084217,True
57,2022-01-01,"Maharashtra Cricket Association Stadium,Pune",Lucknow,Gujarat,Group,Gujarat,Bat,144.0,4.0,82.0,10.0,Gujarat,Runs,62.0,Shubman Gill,Shubman Gill,63.0,4--24,0,0,True,2022,1,62.0,1,5,3.3366591982831375,0.0013684976231097363,True,2.6674735564913825,0.008557278612202237,True,-15.483085394838152,3.838386363408645e-24,True,162.8684413580247,1.9077850108782457e-07,True,0.05714285714285714,0.8110701293339075,False,0.34561363796620526,0.7924185037195771,False,"Wankhede Stadium, Mumbai,Dr DY Patil Sports Academy, Mumbai,Brabourne Stadium, Mumbai,Maharashtra Cricket Association Stadium,Pune,Eden Gardens, Kolkata",650.0,0.0005173007687307535,True,0.25026988265944927,0.0002380391660757655,True,0.9593480229377747,0.02304830774664879,True,0.0005101063150274877,0.9820135081990388,False,0.7080199764982373,0.15405055521156605,False,-0.05434638279601989,0.6549921403679213,False,0.06433737669859246,0.5967071937538367,False,0.04539359385471602,0.5895462940010775,False,"runs:0,wkts:0,n:0",171.26875334284404,1.6838369386765875e-05,0.5182373749655038,True,164.4872371980772,1.7527828258619335e-09,0.47802088239747786,True,7.16481278860337,0.46541405652163437,True,152.65943639018192,0.6345909417084217,True
58,2022-01-01,"Dr DY Patil Sports Academy, Mumbai",Delhi,Rajasthan,Group,Delhi,Field,160.0,6.0,161.0,2.0,Delhi,Wickets,8.0,Mitchell Marsh,Mitchell Marsh,89.0,2--23,0,0,False,2022,1,-1.0,1,5,3.3366591982831375,0.0013684976231097363,True,2.6674735564913825,0.008557278612202237,True,-15.483085394838152,3.838386363408645e-24,True,162.8684413580247,1.9077850108782457e-07,True,0.05714285714285714,0.8110701293339075,False,0.34561363796620526,0.7924185037195771,False,"Wankhede Stadium, Mumbai,Dr DY Patil Sports Academy, Mumbai,Brabourne Stadium, Mumbai,Maharashtra Cricket Association Stadium,Pune,Eden Gardens, Kolkata",650.0,0.0005173007687307535,True,0.25026988265944927,0.0002380391660757655,True,0.9593480229377747,0.02304830774664879,True,0.0005101063150274877,0.9820135081990388,False,0.7080199764982373,0.15405055521156605,False,-0.05434638279601989,0.6549921403679213,False,0.06433737669859246,0.5967071937538367,False,0.04539359385471602,0.5895462940010775,False,"runs:0,wkts:0,n:0",171.26875334284404,1.6838369386765875e-05,0.5182373749655038,True,164.4872371980772,1.7527828258619335e-09,0.47802088239747786,True,7.16481278860337,0.46541405652163437,True,152.65943639018192,0.6345909417084217,True
59,2022-01-01,"Wankhede Stadium, Mumbai",Chennai,Mumbai,Group,Mumbai,Field,97.0,10.0,103.0,5.0,Mumbai,Wickets,5.0,Daniel Sams,MS Dhoni,36.0,3--16,0,0,False,2022,1,-6.0,1,5,3.3366591982831375,0.0013684976231097363,True,2.6674735564913825,0.008557278612202237,True,-15.483085394838152,3.838386363408645e-24,True,162.8684413580247,1.9077850108782457e-07,True,0.05714285714285714,0.8110701293339075,False,0.34561363796620526,0.7924185037195771,False,"Wankhede Stadium, Mumbai,Dr DY Patil Sports Academy, Mumbai,Brabourne Stadium, Mumbai,Maharashtra Cricket Association Stadium,Pune,Eden Gardens, Kolkata",650.0,0.0005173007687307535,True,0.25026988265944927,0.0002380391660757655,True,0.9593480229377747,0.02304830774664879,True,0.0005101063150274877,0.9820135081990388,False,0.7080199764982373,0.15405055521156605,False,-0.05434638279601989,0.6549921403679213,False,0.06433737669859246,0.5967071937538367,False,0.04539359385471602,0.5895462940010775,False,"runs:0,wkts:0,n:0",171.26875334284404,1.6838369386765875e-05,0.5182373749655038,True,164.4872371980772,1.7527828258619335e-09,0.47802088239747786,True,7.16481278860337,0.46541405652163437,True,152.65943639018192,0.6345909417084217,True
60,2022-01-01,"Brabourne Stadium, Mumbai",Banglore,Punjab,Group,Banglore,Field,209.0,9.0,155.0,9.0,Punjab,Runs,54.0,Jonny Bairstow,Liam Livingstone,70.0,4--34,0,0,True,2022,1,54.0,1,5,3.3366591982831375,0.0013684976231097363,True,2.6674735564913825,0.008557278612202237,True,-15.483085394838152,3.838386363408645e-24,True,162.8684413580247,1.9077850108782457e-07,True,0.05714285714285714,0.8110701293339075,False,0.34561363796620526,0.7924185037195771,False,"Wankhede Stadium, Mumbai,Dr DY Patil Sports Academy, Mumbai,Brabourne Stadium, Mumbai,Maharashtra Cricket Association Stadium,Pune,Eden Gardens, Kolkata",650.0,0.0005173007687307535,True,0.25026988265944927,0.0002380391660757655,True,0.9593480229377747,0.02304830774664879,True,0.0005101063150274877,0.9820135081990388,False,0.7080199764982373,0.15405055521156605,False,-0.05434638279601989,0.6549921403679213,False,0.06433737669859246,0.5967071937538367,False,0.04539359385471602,0.5895462940010775,False,"runs:0,wkts:0,n:0",171.26875334284404,1.6838369386765875e-05,0.5182373749655038,True,164.4872371980772,1.7527828258619335e-09,0.47802088239747786,True,7.16481278860337,0.46541405652163437,True,152.65943639018192,0.6345909417084217,True
61,2022-01-01,"Maharashtra Cricket Association Stadium,Pune",Hyderabad,Kolkata,Group,Kolkata,Bat,177.0,6.0,123.0,8.0,Kolkata,Runs,54.0,Andre Russell,Andre Russell,49.0,3--22,0,0,True,2022,1,54.0,1,5,3.3366591982831375,0.0013684976231097363,True,2.6674735564913825,0.008557278612202237,True,-15.483085394838152,3.838386363408645e-24,True,162.8684413580247,1.9077850108782457e-07,True,0.05714285714285714,0.8110701293339075,False,0.34561363796620526,0.7924185037195771,False,"Wankhede Stadium, Mumbai,Dr DY Patil Sports Academy, Mumbai,Brabourne Stadium, Mumbai,Maharashtra Cricket Association Stadium,Pune,Eden Gardens, Kolkata",650.0,0.0005173007687307535,True,0.25026988265944927,0.0002380391660757655,True,0.9593480229377747,0.02304830774664879,True,0.0005101063150274877,0.9820135081990388,False,0.7080199764982373,0.15405055521156605,False,-0.05434638279601989,0.6549921403679213,False,0.06433737669859246,0.5967071937538367,False,0.04539359385471602,0.5895462940010775,False,"runs:0,wkts:0,n:0",171.26875334284404,1.6838369386765875e-05,0.5182373749655038,True,164.4872371980772,1.7527828258619335e-09,0.47802088239747786,True,7.16481278860337,0.46541405652163437,True,152.65943639018192,0.6345909417084217,True
62,2022-01-01,"Wankhede Stadium, Mumbai",Chennai,Gujarat,Group,Chennai,Bat,133.0,5.0,137.0,3.0,Gujarat,Wickets,7.0,W. Saha,W. Saha,67.0,2--19,0,0,False,2022,1,-4.0,1,5,3.3366591982831375,0.0013684976231097363,True,2.6674735564913825,0.008557278612202237,True,-15.483085394838152,3.838386363408645e-24,True,162.8684413580247,1.9077850108782457e-07,True,0.05714285714285714,0.8110701293339075,False,0.34561363796620526,0.7924185037195771,False,"Wankhede Stadium, Mumbai,Dr DY Patil Sports Academy, Mumbai,Brabourne Stadium, Mumbai,Maharashtra Cricket Association Stadium,Pune,Eden Gardens, Kolkata",650.0,0.0005173007687307535,True,0.25026988265944927,0.0002380391660757655,True,0.9593480229377747,0.02304830774664879,True,0.0005101063150274877,0.9820135081990388,False,0.7080199764982373,0.15405055521156605,False,-0.05434638279601989,0.6549921403679213,False,0.06433737669859246,0.5967071937538367,False,0.04539359385471602,0.5895462940010775,False,"runs:0,wkts:0,n:0",171.26875334284404,1.6838369386765875e-05,0.5182373749655038,True,164.4872371980772,1.7527828258619335e-09,0.47802088239747786,True,7.16481278860337,0.46541405652163437,True,152.65943639018192,0.6345909417084217,True
63,2022-01-01,"Brabourne Stadium, Mumbai",Lucknow,Rajasthan,Group,Rajasthan,Bat,178.0,6.0,154.0,8.0,Rajasthan,Runs,24.0,Trent Boult,Deepak Hooda,59.0,2--18,0,0,False,2022,1,24.0,1,5,3.3366591982831375,0.0013684976231097363,True,2.6674735564913825,0.008557278612202237,True,-15.483085394838152,3.838386363408645e-24,True,162.8684413580247,1.9077850108782457e-07,True,0.05714285714285714,0.8110701293339075,False,0.34561363796620526,0.7924185037195771,False,"Wankhede Stadium, Mumbai,Dr DY Patil Sports Academy, Mumbai,Brabourne Stadium, Mumbai,Maharashtra Cricket Association Stadium,Pune,Eden Gardens, Kolkata",650.0,0.0005173007687307535,True,0.25026988265944927,0.0002380391660757655,True,0.9593480229377747,0.02304830774664879,True,0.0005101063150274877,0.9820135081990388,False,0.7080199764982373,0.15405055521156605,False,-0.05434638279601989,0.6549921403679213,False,0.06433737669859246,0.5967071937538367,False,0.04539359385471602,0.5895462940010775,False,"runs:0,wkts:0,n:0",171.26875334284404,1.6838369386765875e-05,0.5182373749655038,True,164.4872371980772,1.7527828258619335e-09,0.47802088239747786,True,7.16481278860337,0.46541405652163437,True,152.65943639018192,0.6345909417084217,True
64,2022-01-01,"Dr DY Patil Sports Academy, Mumbai",Delhi,Punjab,Group,Punjab,Field,159.0,7.0,142.0,9.0,Delhi,Runs,17.0,Shardul Thakur,Mitchell Marsh,63.0,4--36,0,0,False,2022,1,17.0,1,5,3.3366591982831375,0.0013684976231097363,True,2.6674735564913825,0.008557278612202237,True,-15.483085394838152,3.838386363408645e-24,True,162.8684413580247,1.9077850108782457e-07,True,0.05714285714285714,0.8110701293339075,False,0.34561363796620526,0.7924185037195771,False,"Wankhede Stadium, Mumbai,Dr DY Patil Sports Academy, Mumbai,Brabourne Stadium, Mumbai,Maharashtra Cricket Association Stadium,Pune,Eden Gardens, Kolkata",650.0,0.0005173007687307535,True,0.25026988265944927,0.0002380391660757655,True,0.9593480229377747,0.02304830774664879,True,0.0005101063150274877,0.9820135081990388,False,0.7080199764982373,0.15405055521156605,False,-0.05434638279601989,0.6549921403679213,False,0.06433737669859246,0.5967071937538367,False,0.04539359385471602,0.5895462940010775,False,"runs:0,wkts:0,n:0",171.26875334284404,1.6838369386765875e-05,0.5182373749655038,True,164.4872371980772,1.7527828258619335e-09,0.47802088239747786,True,7.16481278860337,0.46541405652163437,True,152.65943639018192,0.6345909417084217,True
65,2022-01-01,"Wankhede Stadium, Mumbai",Hyderabad,Mumbai,Group,Mumbai,Field,193.0,6.0,190.0,7.0,Hyderabad,Runs,3.0,Rahul Tripathi,Rahul Tripathi,76.0,3--20,0,0,False,2022,1,3.0,1,5,3.3366591982831375,0.0013684976231097363,True,2.6674735564913825,0.008557278612202237,True,-15.483085394838152,3.838386363408645e-24,True,162.8684413580247,1.9077850108782457e-07,True,0.05714285714285714,0.8110701293339075,False,0.34561363796620526,0.7924185037195771,False,"Wankhede Stadium, Mumbai,Dr DY Patil Sports Academy, Mumbai,Brabourne Stadium, Mumbai,Maharashtra Cricket Association Stadium,Pune,Eden Gardens, Kolkata",650.0,0.0005173007687307535,True,0.25026988265944927,0.0002380391660757655,True,0.9593480229377747,0.02304830774664879,True,0.0005101063150274877,0.9820135081990388,False,0.7080199764982373,0.15405055521156605,False,-0.05434638279601989,0.6549921403679213,False,0.06433737669859246,0.5967071937538367,False,0.04539359385471602,0.5895462940010775,False,"runs:0,wkts:0,n:0",171.26875334284404,1.6838369386765875e-05,0.5182373749655038,True,164.4872371980772,1.7527828258619335e-09,0.47802088239747786,True,7.16481278860337,0.46541405652163437,True,152.65943639018192,0.6345909417084217,True
66,2022-01-01,"Dr DY Patil Sports Academy, Mumbai",Kolkata,Lucknow,Group,Lucknow,Bat,210.0,0.0,208.0,8.0,Lucknow,Runs,2.0,Quinton de Kock,Quinton de Kock,140.0,3--20,0,0,False,2022,1,2.0,1,5,3.3366591982831375,0.0013684976231097363,True,2.6674735564913825,0.008557278612202237,True,-15.483085394838152,3.838386363408645e-24,True,162.8684413580247,1.9077850108782457e-07,True,0.05714285714285714,0.8110701293339075,False,0.34561363796620526,0.7924185037195771,False,"Wankhede Stadium, Mumbai,Dr DY Patil Sports Academy, Mumbai,Brabourne Stadium, Mumbai,Maharashtra Cricket Association Stadium,Pune,Eden Gardens, Kolkata",650.0,0.0005173007687307535,True,0.25026988265944927,0.0002380391660757655,True,0.9593480229377747,0.02304830774664879,True,0.0005101063150274877,0.9820135081990388,False,0.7080199764982373,0.15405055521156605,False,-0.05434638279601989,0.6549921403679213,False,0.06433737669859246,0.5967071937538367,False,0.04539359385471602,0.5895462940010775,False,"runs:0,wkts:0,n:0",171.26875334284404,1.6838369386765875e-05,0.5182373749655038,True,164.4872371980772,1.7527828258619335e-09,0.47802088239747786,True,7.16481278860337,0.46541405652163437,True,152.65943639018192,0.6345909417084217,True
67,2022-01-01,"Wankhede Stadium, Mumbai",Banglore,Gujarat,Group,Gujarat,Bat,168.0,5.0,170.0,2.0,Banglore,Wickets,8.0,Virat Kohli,Virat Kohli,73.0,2--32,0,0,False,2022,1,-2.0,1,5,3.3366591982831375,0.0013684976231097363,True,2.6674735564913825,0.008557278612202237,True,-15.483085394838152,3.838386363408645e-24,True,162.8684413580247,1.9077850108782457e-07,True,0.05714285714285714,0.8110701293339075,False,0.34561363796620526,0.7924185037195771,False,"Wankhede Stadium, Mumbai,Dr DY Patil Sports Academy, Mumbai,Brabourne Stadium, Mumbai,Maharashtra Cricket Association Stadium,Pune,Eden Gardens, Kolkata",650.0,0.0005173007687307535,True,0.25026988265944927,0.0002380391660757655,True,0.9593480229377747,0.02304830774664879,True,0.0005101063150274877,0.9820135081990388,False,0.7080199764982373,0.15405055521156605,False,-0.05434638279601989,0.6549921403679213,False,0.06433737669859246,0.5967071937538367,False,0.04539359385471602,0.5895462940010775,False,"runs:0,wkts:0,n:0",171.26875334284404,1.6838369386765875e-05,0.5182373749655038,True,164.4872371980772,1.7527828258619335e-09,0.47802088239747786,True,7.16481278860337,0.46541405652163437,True,152.65943639018192,0.6345909417084217,True
68,2022-01-01,"Brabourne Stadium, Mumbai",Chennai,Rajasthan,Group,Chennai,Bat,150.0,6.0,151.0,5.0,Rajasthan,Wickets,5.0,R Aswin,Moeen Ali,93.0,2--20,0,0,False,2022,1,-1.0,1,5,3.3366591982831375,0.0013684976231097363,True,2.6674735564913825,0.008557278612202237,True,-15.483085394838152,3.838386363408645e-24,True,162.8684413580247,1.9077850108782457e-07,True,0.05714285714285714,0.8110701293339075,False,0.34561363796620526,0.7924185037195771,False,"Wankhede Stadium, Mumbai,Dr DY Patil Sports Academy, Mumbai,Brabourne Stadium, Mumbai,Maharashtra Cricket Association Stadium,Pune,Eden Gardens, Kolkata",650.0,0.0005173007687307535,True,0.25026988265944927,0.0002380391660757655,True,0.9593480229377747,0.02304830774664879,True,0.0005101063150274877,0.9820135081990388,False,0.7080199764982373,0.15405055521156605,False,-0.05434638279601989,0.6549921403679213,False,0.06433737669859246,0.5967071937538367,False,0.04539359385471602,0.5895462940010775,False,"runs:0,wkts:0,n:0",171.26875334284404,1.6838369386765875e-05,0.5182373749655038,True,164.4872371980772,1.7527828258619335e-09,0.47802088239747786,True,7.16481278860337,0.46541405652163437,True,152.65943639018192,0.6345909417084217,True
69,2022-01-01,"Wankhede Stadium, Mumbai",Delhi,Mumbai,Group,Mumbai,Field,159.0,7.0,160.0,5.0,Mumbai,Wickets,5.0,Jasprit Bumrah,Ishan Kishan,48.0,3--25,0,0,False,2022,1,-1.0,1,5,3.3366591982831375,0.0013684976231097363,True,2.6674735564913825,0.008557278612202237,True,-15.483085394838152,3.838386363408645e-24,True,162.8684413580247,1.9077850108782457e-07,True,0.05714285714285714,0.8110701293339075,False,0.34561363796620526,0.7924185037195771,False,"Wankhede Stadium, Mumbai,Dr DY Patil Sports Academy, Mumbai,Brabourne Stadium, Mumbai,Maharashtra Cricket Association Stadium,Pune,Eden Gardens, Kolkata",650.0,0.0005173007687307535,True,0.25026988265944927,0.0002380391660757655,True,0.9593480229377747,0.02304830774664879,True,0.0005101063150274877,0.9820135081990388,False,0.7080199764982373,0.15405055521156605,False,-0.05434638279601989,0.6549921403679213,False,0.06433737669859246,0.5967071937538367,False,0.04539359385471602,0.5895462940010775,False,"runs:0,wkts:0,n:0",171.26875334284404,1.6838369386765875e-05,0.5182373749655038,True,164.4872371980772,1.7527828258619335e-09,0.47802088239747786,True,7.16481278860337,0.46541405652163437,True,152.65943639018192,0.6345909417084217,True
70,2022-01-01,"Wankhede Stadium, Mumbai",Hyderabad,Punjab,Group,Hyderabad,Bat,157.0,8.0,160.0,5.0,Punjab,Wickets,5.0,Harpreet Brar,Liam Livingstone,49.0,3--26,0,0,False,2022,1,-3.0,1,5,3.3366591982831375,0.0013684976231097363,True,2.6674735564913825,0.008557278612202237,True,-15.483085394838152,3.838386363408645e-24,True,162.8684413580247,1.9077850108782457e-07,True,0.05714285714285714,0.8110701293339075,False,0.34561363796620526,0.7924185037195771,False,"Wankhede Stadium, Mumbai,Dr DY Patil Sports Academy, Mumbai,Brabourne Stadium, Mumbai,Maharashtra Cricket Association Stadium,Pune,Eden Gardens, Kolkata",650.0,0.0005173007687307535,True,0.25026988265944927,0.0002380391660757655,True,0.9593480229377747,0.02304830774664879,True,0.0005101063150274877,0.9820135081990388,False,0.7080199764982373,0.15405055521156605,False,-0.05434638279601989,0.6549921403679213,False,0.06433737669859246,0.5967071937538367,False,0.04539359385471602,0.5895462940010775,False,"runs:0,wkts:0,n:0",171.26875334284404,1.6838369386765875e-05,0.5182373749655038,True,164.4872371980772,1.7527828258619335e-09,0.47802088239747786,True,7.16481278860337,0.46541405652163437,True,152.65943639018192,0.6345909417084217,True
71,2022-01-01,"Eden Gardens, Kolkata",Gujarat,Rajasthan,Group,Gujarat,Field,188.0,6.0,191.0,3.0,Gujarat,Wickets,7.0,Vaibhav Suryavanshi,Jos Buttler,89.0,1--14,0,0,False,2022,1,-3.0,1,5,3.3366591982831375,0.0013684976231097363,True,2.6674735564913825,0.008557278612202237,True,-15.483085394838152,3.838386363408645e-24,True,162.8684413580247,1.9077850108782457e-07,True,0.05714285714285714,0.8110701293339075,False,0.34561363796620526,0.7924185037195771,False,"Wankhede Stadium, Mumbai,Dr DY Patil Sports Academy, Mumbai,Brabourne Stadium, Mumbai,Maharashtra Cricket Association Stadium,Pune,Eden Gardens, Kolkata",650.0,0.0005173007687307535,True,0.25026988265944927,0.0002380391660757655,True,0.9593480229377747,0.02304830774664879,True,0.0005101063150274877,0.9820135081990388,False,0.7080199764982373,0.15405055521156605,False,-0.05434638279601989,0.6549921403679213,False,0.06433737669859246,0.5967071937538367,False,0.04539359385471602,0.5895462940010775,False,"runs:0,wkts:0,n:0",171.26875334284404,1.6838369386765875e-05,0.5182373749655038,True,164.4872371980772,1.7527828258619335e-09,0.47802088239747786,True,7.16481278860337,0.46541405652163437,True,152.65943639018192,0.6345909417084217,True
